Member_ID,Age,Gender,Membership_Type,Monthly_Fee,Attendance_Frequency,Trainer_Assigned,Diet_Plan,Avg_Workout_Duration,Weight_Loss,Complaints_Last_Month,App_Usage,Distance_From_Gym,Payment_Delay,Referral_Count,Churn,Monthly_Extra_Spending
1,58,Male,Basic,1000,4,Yes,Yes,37,7.4,5,7.4,8.4,9,3,Yes,2547
2,31,Male,VIP,3500,0,Yes,No,48,4.5,2,8.1,0.6,2,5,No,2942
3,27,Male,Premium,2000,1,Yes,No,32,3.6,2,6.0,12.2,7,4,Yes,2572
4,42,Male,VIP,3500,4,No,Yes,28,0.5,1,7.7,14.8,3,0,No,3232
5,58,Female,Basic,1000,5,No,Yes,54,7.0,5,6.5,9.3,2,4,No,1683
6,47,Female,Premium,2000,3,No,Yes,49,8.2,2,4.0,1.5,9,5,No,2435
7,49,Female,VIP,3500,7,Yes,No,37,2.5,4,5.4,11.3,6,4,Yes,3612
8,26,Female,Basic,1000,0,Yes,Yes,40,7.9,3,6.0,6.1,9,3,Yes,2597
9,53,Male,VIP,3500,1,No,No,34,2.9,1,4.5,14.3,4,4,No,2159
10,24,Female,VIP,3500,3,Yes,No,40,5.4,4,9.2,9.2,7,0,Yes,3285
11,37,Male,Basic,1000,3,Yes,Yes,82,8.2,4,7.7,2.4,7,4,Yes,2670
12,56,Female,Basic,1000,3,No,No,67,4.4,4,4.5,4.1,1,2,Yes,883
13,32,Male,Basic,1000,1,Yes,Yes,28,9.1,2,0.7,4.0,10,3,Yes,2267
14,54,Female,Basic,1000,7,No,Yes,32,1.0,3,3.5,6.5,0,5,No,2130
15,24,Male,Premium,2000,5,Yes,Yes,44,1.9,3,1.4,3.2,7,1,No,3338
16,46,Male,Basic,1000,0,Yes,Yes,41,4.1,3,2.1,6.3,0,1,Yes,2299
17,34,Female,Premium,2000,6,No,Yes,44,3.0,0,5.8,8.4,5,0,No,2644
18,50,Male,Basic,1000,1,Yes,Yes,28,6.8,1,4.0,14.2,9,1,Yes,2220
19,57,Male,Premium,2000,5,No,Yes,60,2.4,3,1.3,9.9,7,2,No,2779
20,22,Male,Premium,2000,1,Yes,Yes,84,2.7,2,8.8,13.2,5,2,Yes,3326
21,52,Female,VIP,3500,0,No,Yes,37,2.6,0,7.4,2.8,4,4,Yes,2775
22,31,Female,VIP,3500,7,No,Yes,31,6.3,2,0.4,5.3,2,5,No,3382
23,46,Female,VIP,3500,0,Yes,Yes,39,5.5,2,5.8,2.6,2,0,Yes,4060
24,20,Female,Basic,1000,3,Yes,No,72,9.7,5,1.5,14.0,2,1,No,1612
25,29,Female,Premium,2000,3,No,Yes,33,3.8,0,8.6,3.7,7,2,No,2507
26,32,Male,Basic,1000,3,No,No,55,8.6,2,3.5,7.9,10,4,No,614
27,25,Female,Basic,1000,4,Yes,Yes,75,3.5,2,4.4,14.8,1,3,No,2597
28,34,Male,VIP,3500,6,Yes,Yes,66,4.3,5,9.2,9.5,10,0,No,4353
29,50,Female,VIP,3500,6,No,No,57,5.5,1,4.2,14.1,10,5,No,2715
30,54,Female,Premium,2000,0,No,No,46,4.3,4,6.1,5.2,7,3,Yes,1261
31,48,Male,VIP,3500,1,No,No,31,8.2,1,6.7,3.8,3,1,Yes,2025
32,48,Male,Premium,2000,6,Yes,No,83,4.0,1,6.6,0.6,1,3,No,3011
33,51,Female,Basic,1000,3,Yes,No,37,8.0,5,5.3,8.6,5,3,No,1968
34,50,Female,VIP,3500,7,Yes,No,77,2.6,1,8.4,4.5,8,3,No,3640
35,46,Male,VIP,3500,4,Yes,No,62,3.2,4,0.8,2.7,6,5,Yes,3309
36,22,Female,Premium,2000,5,No,No,27,2.1,3,3.9,11.7,0,4,Yes,1503
37,40,Female,Premium,2000,6,Yes,No,48,2.7,3,0.3,5.4,10,3,No,3030
38,47,Male,VIP,3500,0,No,Yes,30,6.4,1,8.7,3.1,4,3,Yes,2832
39,38,Female,Premium,2000,4,No,No,30,4.7,5,5.4,15.0,5,1,No,1799
40,59,Male,Basic,1000,3,Yes,Yes,39,2.4,3,6.7,8.7,3,3,No,2792
41,41,Male,VIP,3500,1,Yes,No,33,5.8,2,5.8,13.7,6,3,No,3001
42,22,Male,Basic,1000,4,Yes,Yes,64,5.3,5,3.7,7.8,5,0,No,2921
43,49,Male,Premium,2000,5,No,Yes,75,1.8,4,9.7,4.4,8,3,Yes,2722
44,55,Female,Premium,2000,3,Yes,No,77,2.4,3,5.7,10.2,5,0,Yes,2466
45,29,Female,Basic,1000,5,No,No,55,8.8,5,8.8,8.6,8,1,Yes,1168
46,44,Female,VIP,3500,3,No,No,77,7.9,0,2.9,6.4,3,2,No,2288
47,48,Female,Premium,2000,5,No,No,54,3.1,1,1.2,3.3,1,5,No,1890
48,29,Male,Basic,1000,7,No,No,32,8.3,2,2.3,3.1,0,5,No,1140
49,20,Male,VIP,3500,4,Yes,No,33,8.7,4,2.8,7.4,5,1,No,3329
50,48,Male,Basic,1000,6,No,Yes,26,1.5,4,9.5,1.7,3,0,No,1913
51,56,Male,VIP,3500,6,No,No,58,8.6,3,3.1,9.5,9,5,Yes,2790
52,31,Male,Premium,2000,1,Yes,Yes,42,5.5,1,0.0,7.0,9,3,Yes,3018
53,36,Female,VIP,3500,7,Yes,Yes,53,7.9,5,5.9,12.2,3,3,Yes,4415
54,59,Male,Premium,2000,2,Yes,Yes,41,7.9,4,7.5,8.8,4,3,Yes,3352
55,37,Female,Premium,2000,7,No,Yes,25,8.9,5,3.2,4.1,1,1,No,2928
56,54,Male,VIP,3500,4,Yes,Yes,80,5.2,3,9.2,3.1,9,3,No,4251
57,23,Female,Premium,2000,6,No,No,33,8.6,2,4.1,7.7,10,3,No,1881
58,20,Female,Basic,1000,5,No,No,34,9.7,3,8.6,12.5,0,5,No,1036
59,44,Male,Basic,1000,5,No,No,26,2.0,4,1.3,4.7,7,0,Yes,1122
60,56,Male,VIP,3500,2,No,Yes,90,4.1,1,9.9,13.7,7,0,No,2878
61,49,Female,VIP,3500,4,No,No,80,2.4,4,1.4,3.3,9,4,No,2269
62,22,Female,Premium,2000,5,No,Yes,56,7.3,4,5.8,10.1,2,3,No,2476
63,39,Female,Premium,2000,5,Yes,Yes,69,2.3,3,0.4,11.3,6,3,No,3705
64,59,Male,Premium,2000,0,Yes,No,32,8.7,3,1.0,13.7,0,5,Yes,2445
65,59,Male,Basic,1000,7,No,No,70,6.5,2,8.5,13.0,6,2,No,1454
66,49,Male,VIP,3500,1,Yes,No,49,7.5,3,9.8,11.5,1,3,Yes,3053
67,19,Male,Premium,2000,0,No,No,67,4.3,1,5.3,8.7,2,1,Yes,1312
68,42,Male,Premium,2000,2,Yes,No,52,4.6,5,0.1,12.2,4,5,No,2237
69,46,Female,VIP,3500,4,No,No,78,8.5,1,10.0,12.9,1,1,No,2383
70,54,Female,VIP,3500,4,Yes,No,55,0.1,5,7.8,14.6,9,5,Yes,3662
71,36,Male,VIP,3500,5,Yes,Yes,52,6.8,5,7.7,10.4,2,5,Yes,4421
72,59,Male,Premium,2000,7,Yes,No,36,0.9,2,3.3,6.5,3,1,No,3148
73,41,Female,Basic,1000,4,No,No,63,8.0,3,9.6,2.5,3,5,No,903
74,53,Female,Basic,1000,6,Yes,No,88,1.2,2,6.7,10.2,9,3,No,2381
75,41,Male,VIP,3500,3,No,Yes,61,9.2,1,6.5,9.7,7,5,No,3109
76,25,Male,Basic,1000,0,No,No,34,1.0,4,1.4,7.1,10,5,Yes,576
77,44,Male,Premium,2000,1,No,No,55,0.3,2,2.2,6.9,3,2,Yes,1451
78,41,Female,Basic,1000,6,No,Yes,35,9.5,3,0.9,3.6,10,4,No,1725
79,39,Male,Basic,1000,3,Yes,Yes,47,8.1,1,3.3,2.6,9,0,Yes,2474
80,26,Female,Basic,1000,1,Yes,Yes,21,3.6,1,5.9,0.7,4,0,Yes,2415
81,51,Male,VIP,3500,1,No,No,66,5.1,0,4.5,3.7,9,0,No,2365
82,60,Female,Premium,2000,0,Yes,No,71,4.3,0,4.9,13.7,1,0,Yes,2075
83,22,Male,Premium,2000,5,No,No,78,5.1,3,1.0,10.7,10,5,No,1782
84,31,Female,Premium,2000,3,No,No,78,4.0,5,1.0,6.7,10,2,Yes,1378
85,48,Male,Basic,1000,1,Yes,No,32,7.4,2,8.1,8.6,9,4,Yes,1743
86,25,Female,Premium,2000,6,Yes,No,59,3.5,4,5.1,2.7,7,1,No,2779
87,53,Female,Basic,1000,4,Yes,No,23,6.1,5,8.3,4.4,2,2,No,1858
88,39,Female,Basic,1000,2,Yes,No,28,1.4,5,9.7,1.8,8,1,Yes,1732
89,39,Male,Premium,2000,4,No,Yes,26,1.6,4,0.5,1.7,7,5,Yes,2510
90,46,Female,Premium,2000,3,Yes,No,75,1.1,5,6.8,7.6,10,2,Yes,2502
91,56,Male,Basic,1000,3,No,Yes,37,7.6,2,3.3,0.6,6,1,Yes,1672
92,32,Female,Basic,1000,6,Yes,No,22,4.6,0,8.6,8.8,9,3,No,2113
93,36,Male,Premium,2000,0,No,Yes,78,8.3,2,0.9,12.7,3,3,Yes,2068
94,23,Female,Premium,2000,5,Yes,No,41,0.8,5,1.1,7.9,5,2,No,2919
95,59,Male,Basic,1000,1,Yes,No,45,1.7,1,7.6,10.0,2,5,No,1786
96,54,Female,VIP,3500,5,No,Yes,76,0.7,3,6.3,12.0,9,0,Yes,3137
97,37,Female,Premium,2000,0,Yes,No,56,0.8,0,6.2,7.9,7,4,Yes,2405
98,20,Female,VIP,3500,3,No,No,84,1.5,0,4.5,12.3,5,5,Yes,2430
99,29,Male,Basic,1000,7,No,Yes,66,3.7,2,3.9,11.7,10,4,Yes,2123
100,59,Female,Basic,1000,5,Yes,No,56,2.5,5,9.6,9.2,2,2,Yes,2139
101,27,Female,Premium,2000,6,Yes,Yes,59,5.6,5,7.9,12.3,10,5,No,3778
102,51,Male,VIP,3500,6,No,Yes,66,3.1,1,3.4,11.6,3,1,No,3279
103,22,Female,Basic,1000,0,No,Yes,68,1.5,1,8.3,11.7,2,5,Yes,1310
104,41,Male,Premium,2000,4,No,Yes,88,2.4,3,9.0,3.3,10,4,No,2436
105,36,Female,VIP,3500,6,Yes,Yes,37,8.7,0,6.4,13.2,8,0,No,4464
106,25,Female,Basic,1000,2,No,No,85,1.5,3,0.9,13.7,7,2,No,712
107,21,Female,VIP,3500,5,Yes,No,30,3.7,0,3.2,1.9,10,2,No,3370
108,20,Female,Premium,2000,2,No,No,20,9.1,0,2.6,12.6,8,5,No,1416
109,25,Female,Basic,1000,4,Yes,Yes,50,4.2,4,4.6,2.1,7,4,Yes,2823
110,50,Male,VIP,3500,2,No,No,20,6.1,1,5.7,3.2,10,0,No,2184
111,22,Male,Premium,2000,7,Yes,No,67,2.5,0,3.6,1.5,3,5,No,2753
112,55,Female,Basic,1000,0,No,No,42,8.3,5,4.6,10.6,10,1,Yes,332
113,47,Male,Premium,2000,3,Yes,Yes,25,3.2,2,5.2,14.8,8,3,Yes,3485
114,59,Male,Premium,2000,5,Yes,No,54,1.2,2,4.4,6.3,7,3,No,2595
115,49,Female,Premium,2000,4,Yes,No,30,4.3,1,5.5,5.2,1,2,No,2556
116,46,Female,Basic,1000,7,No,No,25,7.3,2,6.1,6.8,10,0,Yes,1326
117,43,Female,VIP,3500,2,Yes,Yes,76,0.3,0,2.4,9.9,5,3,No,3816
118,56,Male,VIP,3500,7,No,No,76,7.6,4,1.4,5.8,5,5,Yes,2991
119,25,Male,VIP,3500,2,No,No,35,2.6,2,7.0,3.6,9,2,No,2251
120,30,Male,Basic,1000,1,No,Yes,76,10.0,5,9.7,14.8,10,2,Yes,1481
121,52,Female,Premium,2000,2,Yes,No,85,2.2,1,7.9,3.9,7,0,No,2493
122,41,Female,VIP,3500,2,Yes,Yes,59,4.0,5,7.2,8.1,6,4,Yes,4297
123,38,Male,Premium,2000,7,No,Yes,90,6.4,1,7.7,2.4,8,0,No,2765
124,27,Female,Basic,1000,2,No,Yes,64,9.5,4,8.9,12.8,4,1,No,1582
125,35,Male,VIP,3500,4,Yes,Yes,39,1.7,4,7.2,9.3,9,0,No,4014
126,23,Male,VIP,3500,4,Yes,No,23,5.0,5,5.5,9.8,4,3,Yes,3613
127,43,Female,Premium,2000,1,Yes,Yes,76,4.2,3,2.0,9.3,5,5,Yes,3340
128,40,Female,Basic,1000,5,Yes,No,50,4.7,2,4.5,2.5,0,2,No,2242
129,57,Female,Basic,1000,2,No,No,44,7.6,3,10.0,7.3,4,3,Yes,983
130,43,Female,Basic,1000,3,No,Yes,26,2.8,4,8.8,10.0,7,2,Yes,1833
131,24,Female,Basic,1000,4,No,No,66,0.5,0,5.7,3.3,8,2,Yes,958
132,46,Female,VIP,3500,1,Yes,Yes,70,3.7,2,5.6,5.8,2,1,No,3905
133,50,Male,Basic,1000,0,Yes,No,80,5.2,1,6.1,8.0,5,4,Yes,1501
134,57,Female,VIP,3500,5,No,No,80,8.2,2,3.3,2.1,6,4,No,2760
135,58,Male,VIP,3500,7,No,Yes,26,5.8,1,5.2,11.0,6,1,No,3424
136,20,Male,Basic,1000,0,No,No,73,1.5,5,2.0,7.8,9,3,Yes,676
137,21,Male,VIP,3500,3,No,No,87,3.8,1,4.6,8.2,8,2,No,2544
138,59,Female,VIP,3500,7,Yes,Yes,55,5.6,1,9.4,14.7,4,5,No,4660
139,49,Female,Premium,2000,5,No,No,35,5.7,4,3.8,14.7,5,1,Yes,1647
140,23,Female,Premium,2000,4,No,Yes,45,8.3,2,9.3,10.6,2,0,No,2500
141,33,Male,Basic,1000,3,Yes,Yes,32,4.1,5,4.7,10.4,2,0,No,2900
142,28,Female,VIP,3500,7,No,Yes,56,3.2,5,0.6,11.6,10,4,Yes,3678
143,20,Male,Premium,2000,2,Yes,No,83,1.9,5,9.6,13.9,0,0,Yes,2508
144,24,Female,Premium,2000,7,No,Yes,84,4.7,1,8.1,5.3,7,5,Yes,2595
145,18,Female,Premium,2000,3,Yes,No,74,5.2,0,4.0,1.9,2,3,No,2427
146,18,Female,Premium,2000,3,No,No,62,3.0,5,5.7,4.3,5,5,Yes,1641
147,25,Female,Premium,2000,2,No,No,35,6.4,2,3.7,3.7,2,3,No,1582
148,56,Female,Premium,2000,7,Yes,Yes,30,5.3,4,7.0,1.6,9,0,Yes,3780
149,50,Male,VIP,3500,2,Yes,No,86,4.4,5,2.1,9.0,1,4,No,3028
150,47,Male,VIP,3500,6,No,Yes,79,6.7,2,7.2,6.2,0,5,No,3237
151,20,Female,Premium,2000,1,Yes,Yes,80,0.3,3,1.8,2.5,10,5,Yes,3115
152,41,Female,Premium,2000,6,No,Yes,89,1.3,2,1.2,14.9,6,4,Yes,2514
153,18,Male,Premium,2000,7,No,No,49,2.5,2,1.6,3.2,1,0,No,1914
154,57,Male,Basic,1000,3,Yes,Yes,24,4.5,5,7.0,1.2,0,3,No,2676
155,31,Male,Basic,1000,4,Yes,No,61,2.4,1,9.9,8.1,6,2,Yes,1985
156,55,Male,VIP,3500,6,No,Yes,64,9.4,5,3.8,8.1,6,3,Yes,3392
157,29,Female,Basic,1000,3,No,Yes,79,9.1,4,4.1,6.5,8,1,Yes,1530
158,31,Female,VIP,3500,1,No,No,31,5.4,1,0.5,6.0,9,4,Yes,1937
159,30,Male,Premium,2000,3,No,No,21,2.1,1,9.6,2.2,7,1,No,1660
160,31,Female,Basic,1000,5,No,No,79,5.3,2,3.1,5.7,7,3,Yes,1169
161,48,Female,Basic,1000,5,No,No,25,5.6,1,7.4,0.7,8,4,No,1013
162,36,Male,Basic,1000,5,Yes,No,51,5.0,5,9.4,5.4,7,5,No,2051
163,47,Male,VIP,3500,5,Yes,Yes,89,4.9,4,9.9,14.4,8,0,No,4138
164,60,Male,Basic,1000,6,Yes,Yes,28,7.1,0,2.2,7.1,0,4,No,3178
165,57,Female,VIP,3500,7,Yes,Yes,88,5.5,0,0.2,11.0,8,2,Yes,4716
166,45,Male,Basic,1000,1,Yes,Yes,44,6.2,2,8.2,4.4,6,0,Yes,2407
167,47,Male,VIP,3500,3,No,Yes,24,0.9,3,3.8,7.4,10,0,No,2942
168,49,Female,VIP,3500,5,Yes,Yes,49,2.1,5,8.9,7.4,0,0,No,4243
169,52,Male,Basic,1000,5,Yes,Yes,38,7.5,5,8.2,14.0,4,1,No,2890
170,42,Female,Premium,2000,2,Yes,No,26,1.0,1,8.4,5.4,9,4,No,2596
171,38,Male,VIP,3500,4,No,No,49,3.6,3,4.3,10.4,10,3,Yes,2516
172,36,Male,VIP,3500,1,Yes,No,39,3.8,5,1.5,6.1,5,0,Yes,3382
173,37,Female,Premium,2000,4,Yes,Yes,31,1.9,3,5.6,7.9,1,0,Yes,3483
174,23,Female,Premium,2000,0,No,No,69,7.8,5,9.0,13.6,3,4,Yes,1350
175,42,Male,Basic,1000,4,No,No,83,1.5,1,4.3,6.6,7,0,No,1183
176,33,Female,VIP,3500,3,No,Yes,37,3.0,3,3.3,9.5,5,3,No,3317
177,59,Male,Premium,2000,5,Yes,No,60,1.8,3,9.7,4.7,10,3,No,2900
178,33,Female,Premium,2000,4,No,No,34,9.3,1,5.9,8.4,10,4,Yes,1772
179,47,Male,Premium,2000,4,Yes,No,83,1.4,2,2.4,10.1,6,3,Yes,2706
180,48,Female,VIP,3500,6,Yes,No,88,5.9,0,1.1,4.1,10,2,Yes,3713
181,20,Female,Premium,2000,6,Yes,Yes,32,2.6,4,7.5,8.6,9,1,Yes,3600
182,47,Male,Premium,2000,0,No,Yes,57,4.2,0,1.2,14.1,2,2,Yes,2033
183,31,Female,Premium,2000,7,Yes,No,77,3.2,2,0.4,10.8,0,2,No,3046
184,28,Male,VIP,3500,2,Yes,No,74,9.6,1,8.0,9.6,2,5,No,3202
185,19,Male,Premium,2000,6,No,Yes,47,2.1,5,8.1,1.4,1,4,Yes,2566
186,30,Female,Basic,1000,4,No,No,69,6.1,4,1.1,5.6,7,4,Yes,1044
187,37,Male,VIP,3500,2,No,Yes,50,3.1,1,3.7,2.5,6,3,No,3094
188,42,Female,Basic,1000,7,Yes,Yes,82,2.9,1,3.1,7.0,0,2,No,3048
189,26,Male,Premium,2000,7,No,No,73,7.1,3,4.9,1.7,0,1,Yes,1840
190,32,Female,Basic,1000,7,No,Yes,34,2.7,4,8.2,5.8,0,5,No,1911
191,45,Male,VIP,3500,3,No,Yes,77,2.6,0,4.4,14.9,3,1,No,3201
192,40,Female,Basic,1000,2,Yes,Yes,27,5.7,4,2.8,8.3,5,5,Yes,2593
193,35,Male,Basic,1000,6,Yes,No,36,7.0,1,2.5,10.8,3,5,No,1972
194,54,Female,VIP,3500,6,No,No,29,6.3,0,4.0,11.4,5,3,No,2567
195,55,Male,VIP,3500,1,No,No,28,8.0,3,2.2,6.7,3,3,Yes,2324
196,36,Female,VIP,3500,2,No,No,26,0.5,5,7.8,7.2,1,1,No,2000
197,45,Male,VIP,3500,2,No,Yes,55,0.9,2,2.5,5.9,10,1,Yes,3120
198,37,Male,Premium,2000,1,Yes,Yes,47,4.8,1,5.9,8.0,7,0,Yes,3075
199,25,Female,VIP,3500,2,No,Yes,49,3.8,5,8.1,2.0,5,2,Yes,3196
200,26,Male,Basic,1000,0,Yes,No,64,7.2,5,7.5,13.8,9,5,Yes,1411
201,23,Male,Basic,1000,1,No,No,74,3.1,1,2.5,9.8,3,4,No,769
202,56,Female,VIP,3500,0,No,Yes,86,6.1,1,7.5,4.8,0,1,No,2657
203,33,Female,VIP,3500,1,Yes,No,60,1.3,4,4.2,8.4,2,3,No,3294
204,22,Male,VIP,3500,1,Yes,No,47,0.4,0,9.5,6.3,4,5,No,3292
205,44,Female,VIP,3500,6,Yes,Yes,55,0.8,0,5.1,3.4,2,4,No,4500
206,58,Male,Premium,2000,6,Yes,Yes,51,0.9,3,1.2,9.4,0,2,No,3736
207,29,Male,Basic,1000,2,Yes,Yes,83,9.5,4,5.2,12.4,4,1,Yes,2683
208,35,Male,Basic,1000,5,No,No,87,0.6,5,9.8,9.6,7,3,Yes,828
209,49,Male,Premium,2000,2,No,Yes,34,2.3,4,0.0,13.0,0,1,Yes,2186
210,42,Male,Basic,1000,0,No,Yes,61,2.5,5,3.2,12.5,9,2,Yes,1444
211,21,Male,Basic,1000,0,No,Yes,79,8.7,2,3.3,8.5,0,2,Yes,1388
212,37,Male,Premium,2000,5,No,Yes,89,7.6,1,1.5,14.0,0,1,No,2625
213,18,Female,Basic,1000,6,No,Yes,46,5.3,1,4.2,14.4,2,5,No,1722
214,32,Female,VIP,3500,5,No,Yes,32,5.1,5,8.2,1.6,9,0,Yes,3593
215,26,Male,Premium,2000,4,No,No,61,3.2,2,2.3,14.2,2,4,Yes,1454
216,28,Female,Premium,2000,5,No,Yes,88,3.6,1,4.5,7.2,1,0,No,2651
217,37,Male,Basic,1000,5,Yes,Yes,51,9.7,3,5.1,10.3,4,1,Yes,2807
218,46,Male,Basic,1000,7,Yes,Yes,35,0.1,1,1.3,12.4,5,5,No,3130
219,23,Female,Basic,1000,0,Yes,Yes,76,8.1,0,9.1,12.5,5,0,Yes,2336
220,21,Male,VIP,3500,6,No,No,23,3.8,3,1.7,3.6,2,2,Yes,2852
221,27,Male,VIP,3500,3,No,No,72,8.8,3,0.6,4.6,2,3,Yes,2552
222,51,Male,VIP,3500,0,No,No,81,5.4,3,3.4,8.7,5,3,Yes,1813
223,38,Male,Basic,1000,4,Yes,No,87,3.6,4,10.0,14.6,1,1,No,1836
224,52,Male,Basic,1000,6,No,Yes,42,2.4,2,8.1,10.6,9,0,No,1880
225,54,Male,VIP,3500,3,No,No,42,4.9,0,0.6,9.2,0,4,No,2269
226,57,Male,Basic,1000,5,Yes,No,27,0.2,4,7.0,2.6,1,4,No,2291
227,22,Female,VIP,3500,6,Yes,No,58,3.2,1,7.3,6.8,10,3,No,3489
228,53,Female,Basic,1000,2,No,No,57,1.3,5,0.0,10.7,9,3,No,894
229,54,Male,Basic,1000,5,Yes,Yes,83,1.4,5,0.8,5.5,5,1,No,3093
230,23,Female,Premium,2000,0,No,Yes,51,6.9,2,2.6,2.1,0,0,Yes,2175
231,44,Male,Premium,2000,7,No,No,89,3.8,3,7.9,8.9,10,1,Yes,1737
232,20,Female,Basic,1000,5,No,Yes,29,3.4,3,1.6,1.6,1,2,No,1914
233,48,Male,Premium,2000,2,No,Yes,26,1.0,1,9.7,6.4,8,5,No,2276
234,34,Female,Premium,2000,3,Yes,Yes,70,5.7,3,1.5,5.7,6,0,Yes,3438
235,58,Female,Basic,1000,1,Yes,Yes,41,6.4,0,4.7,2.2,6,3,Yes,2538
236,34,Male,VIP,3500,6,Yes,No,68,3.7,3,0.4,6.9,4,1,No,3688
237,21,Male,VIP,3500,1,Yes,No,89,4.1,4,2.3,1.4,6,4,Yes,3174
238,48,Male,Premium,2000,4,Yes,No,24,5.0,4,8.0,10.3,9,1,Yes,2787
239,46,Male,Basic,1000,3,Yes,Yes,25,4.2,5,4.4,15.0,10,1,No,2532
240,38,Male,Basic,1000,6,No,No,55,5.2,0,7.9,9.5,8,3,Yes,976
241,27,Male,Basic,1000,1,No,No,72,2.6,5,4.9,9.3,0,1,Yes,473
242,57,Female,Basic,1000,6,No,Yes,26,7.5,2,9.0,0.8,4,2,No,1951
243,24,Male,Basic,1000,4,No,No,54,7.3,4,6.5,3.2,3,3,No,1088
244,51,Female,Basic,1000,2,Yes,No,84,4.0,4,8.8,0.9,3,1,No,1627
245,20,Female,Basic,1000,5,Yes,No,67,8.2,4,4.0,13.9,10,0,Yes,2050
246,56,Female,Basic,1000,7,No,No,40,8.4,2,7.5,10.5,4,0,No,1083
247,54,Male,Basic,1000,3,Yes,No,72,5.1,5,0.1,13.7,10,1,Yes,1604
248,32,Female,VIP,3500,4,No,No,68,8.5,3,2.5,7.3,10,4,No,2403
249,55,Male,Basic,1000,5,No,No,33,4.8,2,9.9,9.8,4,2,No,1287
250,59,Female,Basic,1000,2,Yes,Yes,71,6.6,5,1.4,0.9,7,2,Yes,2514
251,43,Female,VIP,3500,0,Yes,No,48,6.9,5,7.8,13.6,10,2,Yes,3232
252,28,Male,Premium,2000,1,No,Yes,53,7.3,4,7.6,3.2,10,2,Yes,2013
253,40,Male,VIP,3500,4,No,No,67,2.6,2,4.6,2.2,0,5,No,2683
254,57,Male,Premium,2000,3,Yes,No,87,3.0,0,8.7,2.7,3,2,No,2591
255,47,Male,Premium,2000,2,Yes,No,62,6.3,1,3.1,1.3,7,2,Yes,2596
256,28,Male,Premium,2000,1,Yes,No,74,4.0,3,3.8,1.0,3,5,Yes,2107
257,38,Male,Basic,1000,0,Yes,Yes,64,3.1,0,3.8,9.0,2,0,No,2252
258,36,Female,VIP,3500,5,No,Yes,63,10.0,3,3.6,3.2,6,0,Yes,3472
259,26,Male,VIP,3500,0,Yes,Yes,66,7.1,0,3.8,9.8,8,4,Yes,3624
260,60,Male,VIP,3500,0,Yes,Yes,73,4.4,0,5.5,7.4,2,1,No,3922
261,18,Female,Premium,2000,1,No,Yes,73,8.3,0,5.1,9.5,4,0,No,2154
262,30,Male,Premium,2000,3,No,No,57,1.6,4,5.0,3.5,7,2,Yes,1306
263,60,Male,Basic,1000,7,Yes,Yes,85,0.8,5,1.0,4.2,3,3,No,2951
264,34,Female,Basic,1000,1,Yes,Yes,57,3.6,5,3.1,11.2,1,0,Yes,2270
265,60,Male,Premium,2000,5,No,No,31,3.7,2,1.8,6.3,7,2,No,1853
266,48,Female,VIP,3500,2,Yes,Yes,27,9.8,1,1.0,13.7,7,4,No,3892
267,57,Female,Premium,2000,0,Yes,No,82,1.1,3,4.4,1.4,10,2,Yes,2444
268,51,Male,VIP,3500,5,Yes,No,51,4.8,5,6.8,6.1,8,4,Yes,3629
269,28,Female,Premium,2000,2,Yes,No,61,2.4,2,0.5,3.7,10,3,No,2320
270,23,Female,Premium,2000,7,Yes,No,77,3.2,3,7.5,0.8,6,3,Yes,2981
271,18,Male,VIP,3500,4,Yes,No,63,3.6,0,8.2,12.7,5,4,No,3507
272,48,Female,VIP,3500,7,Yes,Yes,48,0.0,2,8.3,14.5,4,4,No,4659
273,24,Male,Basic,1000,7,Yes,No,33,2.5,1,1.9,14.0,6,1,Yes,2400
274,30,Female,Basic,1000,6,Yes,Yes,77,4.6,4,9.6,2.5,7,0,Yes,2724
275,53,Female,VIP,3500,7,Yes,Yes,36,1.0,5,6.0,13.3,8,3,Yes,4611
276,33,Female,Premium,2000,5,No,No,37,1.4,4,7.0,11.4,4,5,No,1660
277,53,Male,Basic,1000,3,No,No,36,9.8,5,9.8,3.1,8,5,No,963
278,25,Female,VIP,3500,7,No,No,74,8.1,4,1.1,6.0,0,5,Yes,2636
279,28,Female,VIP,3500,4,Yes,Yes,57,2.0,4,0.3,12.3,1,4,No,4378
280,53,Male,VIP,3500,6,Yes,No,26,9.3,3,4.2,11.9,10,2,No,3427
281,18,Female,Basic,1000,7,Yes,No,89,7.4,1,7.8,14.5,4,3,Yes,2349
282,22,Male,Basic,1000,1,No,Yes,74,2.8,2,1.3,9.0,4,0,Yes,1563
283,27,Male,Basic,1000,5,Yes,No,82,7.9,4,3.6,11.9,5,4,Yes,1894
284,51,Male,VIP,3500,2,No,No,31,3.5,1,6.6,5.3,4,1,No,2316
285,51,Female,VIP,3500,0,Yes,No,77,2.4,5,6.1,9.5,0,5,No,2995
286,25,Female,Premium,2000,4,Yes,No,85,8.0,3,4.9,4.8,10,1,Yes,2442
287,24,Male,VIP,3500,0,Yes,Yes,47,8.6,3,8.4,3.5,6,5,Yes,3636
288,27,Male,Premium,2000,5,Yes,Yes,29,0.5,2,5.6,8.8,3,2,No,3530
289,58,Female,Premium,2000,5,Yes,No,35,5.3,5,7.2,1.4,9,0,No,2537
290,40,Male,Premium,2000,4,Yes,No,76,3.8,5,0.3,2.8,3,1,No,2807
291,52,Female,VIP,3500,2,No,No,21,5.5,4,1.4,1.1,9,4,Yes,2280
292,23,Female,Basic,1000,5,Yes,No,85,1.4,1,2.2,12.6,3,0,Yes,2209
293,54,Male,VIP,3500,7,Yes,No,28,2.5,1,7.3,7.6,5,2,No,3835
294,33,Male,Premium,2000,1,Yes,No,82,4.5,4,6.6,10.6,2,4,Yes,2513
295,38,Female,Basic,1000,0,No,Yes,48,7.1,5,4.4,12.7,2,5,Yes,1549
296,48,Female,Premium,2000,5,No,No,90,1.1,5,6.1,12.7,2,4,Yes,1875
297,58,Male,VIP,3500,1,Yes,Yes,71,7.7,1,9.1,8.5,8,4,Yes,4096
298,27,Female,Premium,2000,3,No,Yes,79,5.0,0,4.0,7.8,10,1,No,2512
299,57,Male,VIP,3500,2,No,Yes,42,5.7,4,6.6,14.5,7,2,Yes,3189
300,49,Male,Basic,1000,4,No,Yes,25,6.7,4,9.1,5.7,7,3,No,1520
301,59,Female,Basic,1000,4,No,Yes,68,6.5,2,5.9,13.5,1,4,No,1998
302,32,Female,Premium,2000,5,No,No,20,5.0,1,4.4,3.8,8,5,Yes,1576
303,29,Male,Premium,2000,1,Yes,No,62,7.2,3,6.8,7.4,9,1,Yes,2310
304,19,Male,Basic,1000,2,Yes,Yes,85,0.4,4,1.5,2.9,2,4,No,2606
305,54,Male,VIP,3500,4,Yes,Yes,77,6.1,3,8.7,3.0,6,4,Yes,4298
306,29,Female,Basic,1000,5,No,Yes,49,3.8,1,1.1,3.4,8,5,No,1676
307,56,Male,Basic,1000,7,Yes,Yes,31,4.8,1,9.0,8.3,0,5,No,3067
308,44,Female,Basic,1000,6,Yes,No,68,3.5,5,9.1,12.6,9,0,Yes,2030
309,48,Male,Basic,1000,4,No,No,44,0.1,5,7.9,8.9,1,4,Yes,1035
310,31,Female,Premium,2000,5,Yes,Yes,74,6.5,2,2.6,8.3,9,2,No,3648
311,43,Male,Premium,2000,7,Yes,No,81,2.5,2,5.8,11.7,6,5,Yes,3142
312,60,Male,VIP,3500,3,No,Yes,32,2.1,3,7.9,12.1,9,5,Yes,2926
313,28,Female,VIP,3500,0,Yes,Yes,80,9.3,3,0.9,4.3,5,0,Yes,3970
314,42,Female,VIP,3500,4,Yes,Yes,83,4.4,1,8.5,14.0,8,2,Yes,4401
315,56,Male,VIP,3500,2,Yes,No,50,6.6,1,0.9,4.5,6,2,No,3207
316,55,Male,VIP,3500,0,Yes,Yes,90,2.8,4,9.2,5.5,4,1,Yes,3699
317,47,Female,VIP,3500,0,No,Yes,72,5.1,4,0.7,4.8,1,4,No,3048
318,52,Female,VIP,3500,7,No,No,51,7.6,3,6.8,13.5,0,3,Yes,2534
319,42,Male,VIP,3500,3,No,No,65,5.2,0,7.0,4.3,4,0,No,2483
320,39,Male,VIP,3500,2,No,No,65,2.2,4,2.7,14.2,10,1,Yes,2102
321,33,Male,Premium,2000,3,Yes,Yes,51,8.4,2,1.6,2.0,1,5,No,3352
322,57,Male,VIP,3500,0,No,No,60,4.9,4,8.7,7.6,8,2,Yes,2184
323,54,Male,Basic,1000,6,No,Yes,84,3.5,5,7.8,7.1,1,5,No,1861
324,18,Male,VIP,3500,3,No,Yes,61,3.6,2,1.9,4.3,4,3,No,3075
325,41,Male,Premium,2000,6,Yes,No,67,3.7,3,2.8,3.1,2,4,No,3016
326,24,Female,Basic,1000,6,No,Yes,38,8.0,5,1.5,12.2,2,3,Yes,2157
327,58,Female,Premium,2000,4,No,Yes,70,1.0,1,0.6,12.3,7,5,Yes,2581
328,39,Female,Premium,2000,5,No,No,22,4.1,2,8.7,14.5,3,4,No,1832
329,52,Male,Premium,2000,5,No,No,77,8.9,3,6.1,7.2,2,1,No,1975
330,39,Female,VIP,3500,6,Yes,Yes,40,3.4,2,3.2,4.7,4,4,No,4338
331,46,Female,VIP,3500,7,No,Yes,43,8.5,1,7.3,10.1,1,1,Yes,3352
332,24,Male,Premium,2000,0,Yes,No,87,7.6,0,1.0,9.5,1,5,No,2199
333,37,Male,Basic,1000,4,No,Yes,36,5.3,1,0.3,10.1,5,3,No,1945
334,52,Female,VIP,3500,7,Yes,Yes,78,6.3,5,8.8,6.8,10,5,Yes,4765
335,40,Female,VIP,3500,3,Yes,No,59,3.7,2,1.6,0.7,8,1,No,3340
336,52,Male,VIP,3500,7,No,No,21,7.7,2,6.0,12.1,8,2,Yes,2951
337,53,Female,Premium,2000,3,Yes,No,68,2.2,0,4.2,4.0,9,5,No,2445
338,59,Female,Premium,2000,3,Yes,Yes,37,2.9,5,4.6,7.1,9,3,Yes,3109
339,27,Male,VIP,3500,0,Yes,Yes,56,2.7,5,4.4,0.6,1,1,Yes,3711
340,39,Female,Premium,2000,7,No,No,24,3.3,1,0.6,11.7,1,4,No,1798
341,34,Female,Basic,1000,1,Yes,No,76,2.5,0,2.0,11.2,1,4,No,1506
342,48,Female,VIP,3500,4,No,Yes,25,7.4,4,5.2,4.2,10,2,Yes,3454
343,21,Male,Basic,1000,3,No,No,21,1.7,2,5.8,6.2,3,0,No,897
344,48,Male,Premium,2000,1,Yes,Yes,83,0.9,4,3.4,14.6,10,0,Yes,3230
345,27,Male,Basic,1000,7,Yes,No,64,8.1,3,7.3,0.8,6,2,No,2128
346,20,Female,VIP,3500,7,No,No,44,5.7,4,3.5,11.1,4,4,No,2783
347,28,Male,VIP,3500,2,No,No,53,5.4,3,0.0,9.8,6,5,Yes,2009
348,57,Female,VIP,3500,3,No,Yes,88,8.2,1,5.2,7.7,8,1,No,3065
349,44,Female,Basic,1000,1,Yes,Yes,36,1.8,0,2.0,7.5,1,0,No,2628
350,42,Female,VIP,3500,4,Yes,No,48,6.1,0,0.1,13.9,10,3,No,3626
351,23,Female,VIP,3500,0,No,No,67,7.9,0,8.2,4.4,0,5,Yes,1955
352,22,Male,VIP,3500,1,Yes,Yes,88,3.9,1,5.3,4.1,10,1,Yes,3985
353,44,Male,VIP,3500,5,No,No,33,1.7,1,5.5,7.8,10,1,No,2607
354,46,Female,Premium,2000,5,No,No,75,8.3,2,6.1,8.7,3,3,No,1974
355,34,Female,Premium,2000,7,No,Yes,24,9.8,4,0.2,2.5,4,0,No,2613
356,31,Female,Basic,1000,4,Yes,Yes,24,4.6,1,1.4,5.8,9,1,Yes,2915
357,37,Male,VIP,3500,6,Yes,Yes,61,7.9,1,4.9,13.5,9,0,No,4353
358,20,Female,Basic,1000,0,No,No,75,4.2,0,8.7,3.8,10,4,No,624
359,58,Female,Basic,1000,4,Yes,No,89,5.6,2,5.0,3.7,0,5,No,1901
360,46,Male,Basic,1000,6,No,No,38,1.3,0,4.8,11.3,8,3,Yes,1104
361,50,Female,VIP,3500,2,Yes,No,45,4.9,5,5.7,8.6,8,1,Yes,3136
362,45,Female,VIP,3500,1,Yes,No,74,3.7,1,3.2,9.1,0,2,Yes,3079
363,57,Female,VIP,3500,2,No,Yes,49,2.0,2,1.6,11.1,1,0,No,2924
364,57,Male,Premium,2000,0,No,Yes,59,4.5,0,3.3,11.2,3,1,Yes,2184
365,34,Female,VIP,3500,2,Yes,No,87,0.4,1,0.6,3.4,9,2,Yes,3335
366,18,Male,Premium,2000,4,No,Yes,22,2.9,5,3.9,14.7,8,5,Yes,2361
367,49,Male,Basic,1000,3,No,Yes,25,2.5,4,3.0,7.6,2,0,No,1580
368,40,Female,Basic,1000,4,Yes,No,69,8.9,0,9.4,14.3,3,1,No,1901
369,60,Male,Basic,1000,6,Yes,No,50,5.7,3,9.7,13.7,5,3,No,2005
370,59,Male,VIP,3500,3,Yes,No,87,9.1,3,10.0,14.6,2,5,No,3569
371,28,Female,Basic,1000,1,Yes,No,38,7.3,2,8.8,6.5,6,2,Yes,1878
372,58,Female,Basic,1000,3,Yes,Yes,43,0.3,4,6.2,9.3,9,1,Yes,2518
373,19,Female,Basic,1000,7,Yes,No,67,1.8,3,4.9,2.5,3,1,Yes,2391
374,18,Female,Premium,2000,3,Yes,Yes,28,1.8,3,8.7,7.6,5,3,No,3318
375,43,Male,VIP,3500,6,No,No,88,5.3,5,7.9,8.0,7,3,No,2421
376,33,Female,VIP,3500,0,No,Yes,44,2.9,3,8.8,11.7,4,3,Yes,2750
377,57,Male,VIP,3500,2,No,No,31,7.2,0,1.8,9.0,8,1,No,2165
378,46,Male,Basic,1000,7,Yes,No,31,2.5,5,6.5,10.8,2,5,No,2046
379,25,Female,VIP,3500,5,Yes,No,85,6.1,1,3.8,6.0,2,2,No,3637
380,27,Male,Basic,1000,2,Yes,No,59,3.1,3,2.9,3.1,2,1,Yes,1891
381,34,Male,Premium,2000,7,No,Yes,83,2.4,4,6.6,7.1,7,0,No,2503
382,33,Female,VIP,3500,3,Yes,Yes,38,0.6,2,0.4,12.9,10,4,No,4052
383,39,Male,Basic,1000,1,No,Yes,40,6.7,4,6.6,10.6,9,4,Yes,1433
384,55,Female,Basic,1000,1,No,No,67,9.0,0,7.6,12.7,1,2,Yes,462
385,35,Female,VIP,3500,6,Yes,Yes,27,1.1,5,9.8,8.2,1,3,No,4509
386,36,Female,VIP,3500,5,No,No,36,6.1,3,5.2,9.7,7,1,No,2419
387,36,Male,Basic,1000,1,Yes,No,35,7.4,1,8.0,15.0,6,0,Yes,1686
388,58,Male,Basic,1000,3,No,No,28,3.1,4,5.5,11.6,1,5,Yes,802
389,54,Male,Basic,1000,3,No,No,81,9.2,0,6.5,7.5,10,3,No,874
390,39,Female,Premium,2000,0,No,No,88,0.2,4,6.9,12.1,5,0,No,1143
391,19,Female,Premium,2000,2,No,Yes,34,8.6,2,7.1,5.1,0,2,No,2254
392,33,Female,Premium,2000,4,Yes,No,42,1.1,0,7.8,13.7,7,4,Yes,2647
393,50,Male,Basic,1000,5,No,No,61,1.4,0,8.2,14.1,10,1,Yes,818
394,47,Female,VIP,3500,1,Yes,No,25,6.9,4,8.7,5.3,0,0,Yes,3237
395,37,Male,VIP,3500,4,Yes,No,45,1.9,2,5.3,11.7,10,0,Yes,3280
396,35,Male,Basic,1000,1,Yes,No,90,3.2,1,9.4,12.2,9,1,Yes,1559
397,57,Female,VIP,3500,7,Yes,Yes,23,4.7,5,0.5,6.1,1,3,No,4660
398,56,Female,VIP,3500,5,No,No,45,7.1,5,8.1,1.6,7,4,Yes,2716
399,47,Male,Premium,2000,4,No,No,49,9.5,1,8.6,9.4,5,3,No,1869
400,60,Female,Premium,2000,7,No,Yes,28,4.8,2,4.8,12.8,4,2,No,2565
401,50,Male,Premium,2000,1,No,Yes,58,5.3,3,5.9,4.0,3,4,Yes,2146
402,42,Male,Premium,2000,3,No,No,63,5.4,1,1.7,10.2,9,3,Yes,1605
403,47,Female,VIP,3500,1,No,Yes,59,9.6,0,6.0,10.4,9,3,Yes,3030
404,60,Male,Basic,1000,3,Yes,Yes,38,6.6,3,5.3,6.2,9,3,Yes,2748
405,38,Female,VIP,3500,4,No,No,31,5.8,4,9.9,6.4,2,2,Yes,2661
406,53,Male,Basic,1000,5,Yes,No,23,2.4,5,5.9,9.6,6,3,Yes,2079
407,31,Male,Premium,2000,2,Yes,No,66,8.4,1,2.9,13.2,2,1,Yes,2531
408,19,Male,VIP,3500,7,No,Yes,30,1.4,3,8.6,13.5,9,3,Yes,3532
409,50,Female,VIP,3500,7,No,No,48,1.9,4,0.1,7.7,3,5,No,2710
410,52,Female,Basic,1000,0,No,No,34,5.8,5,0.8,11.1,8,2,Yes,340
411,51,Male,Basic,1000,7,Yes,No,26,9.0,4,7.8,7.3,8,3,Yes,2169
412,44,Female,Premium,2000,4,Yes,Yes,58,7.3,4,2.6,9.6,9,1,Yes,3536
413,36,Male,Premium,2000,7,Yes,Yes,84,0.8,2,2.5,9.4,4,2,No,3557
414,56,Male,VIP,3500,2,No,No,42,2.6,5,2.4,3.1,8,0,Yes,2043
415,27,Male,Premium,2000,6,No,Yes,76,7.3,1,2.1,11.1,5,0,No,2786
416,25,Male,Basic,1000,7,No,No,58,4.8,4,2.3,10.4,6,3,Yes,1271
417,45,Male,Premium,2000,7,No,No,87,6.8,0,1.0,8.2,5,3,No,2033
418,35,Female,Premium,2000,4,Yes,No,70,4.6,5,7.5,11.1,9,1,Yes,2746
419,29,Female,VIP,3500,0,Yes,Yes,21,4.1,4,1.0,7.0,3,5,Yes,3698
420,20,Male,VIP,3500,1,Yes,Yes,35,7.1,0,0.9,9.3,6,5,No,4031
421,54,Male,Basic,1000,2,No,No,79,6.6,0,6.4,13.9,4,3,No,841
422,38,Female,Basic,1000,1,No,Yes,68,3.9,0,2.6,12.3,2,3,Yes,1675
423,30,Female,Basic,1000,7,Yes,Yes,89,7.7,1,6.1,2.0,7,5,Yes,2817
424,22,Male,VIP,3500,4,No,Yes,83,1.5,5,0.0,1.0,6,2,Yes,3168
425,43,Male,VIP,3500,7,No,No,71,8.4,0,5.4,0.5,7,0,No,2978
426,40,Female,VIP,3500,4,No,Yes,31,3.7,2,0.8,7.2,4,5,No,3283
427,20,Female,VIP,3500,3,No,No,33,6.3,2,4.9,13.3,7,5,Yes,2118
428,30,Male,VIP,3500,3,No,No,28,7.9,5,3.1,8.2,7,0,Yes,2128
429,39,Male,Premium,2000,1,Yes,No,88,1.5,4,2.3,1.5,2,3,Yes,2341
430,57,Male,Basic,1000,2,Yes,Yes,26,9.0,0,4.6,3.0,9,0,No,2354
431,25,Female,VIP,3500,3,Yes,Yes,74,3.4,5,6.8,5.2,10,4,Yes,4064
432,31,Male,VIP,3500,2,No,Yes,35,2.7,3,1.7,5.9,2,3,Yes,3097
433,20,Male,Basic,1000,6,Yes,Yes,82,0.8,0,1.8,1.8,10,4,No,2913
434,48,Male,Basic,1000,2,No,No,72,2.4,1,6.1,1.0,2,5,No,986
435,23,Female,Premium,2000,6,Yes,Yes,44,1.2,4,9.8,9.5,8,4,Yes,3794
436,58,Male,Premium,2000,0,Yes,Yes,39,6.9,3,5.0,2.8,0,0,Yes,2945
437,31,Female,Premium,2000,5,No,Yes,33,7.4,4,1.8,11.9,7,4,Yes,2758
438,33,Female,VIP,3500,5,No,Yes,61,2.3,0,3.3,1.9,6,1,No,3212
439,22,Female,VIP,3500,7,Yes,No,38,2.2,4,4.5,6.1,2,3,No,3823
440,40,Female,Basic,1000,5,Yes,Yes,27,2.8,0,8.5,7.1,2,2,No,2751
441,56,Male,VIP,3500,2,Yes,Yes,72,8.6,3,8.6,3.6,7,3,Yes,4173
442,45,Male,Basic,1000,5,No,Yes,39,9.1,0,4.2,1.1,7,5,No,1617
443,45,Female,Premium,2000,1,No,No,50,0.8,0,6.9,6.4,3,1,Yes,1222
444,59,Male,Basic,1000,7,No,Yes,78,8.6,5,5.8,14.7,7,1,No,2007
445,29,Female,VIP,3500,7,Yes,Yes,69,8.9,2,5.3,4.8,4,5,No,4577
446,54,Male,VIP,3500,1,No,Yes,85,9.5,5,3.6,1.2,6,2,Yes,2720
447,41,Female,Basic,1000,1,Yes,Yes,62,2.4,0,6.5,11.2,9,5,Yes,2581
448,32,Female,Premium,2000,4,No,No,26,0.6,2,4.5,7.8,1,3,No,1747
449,52,Female,Premium,2000,5,Yes,Yes,78,0.9,3,9.0,4.7,1,0,Yes,3357
450,27,Female,Basic,1000,3,Yes,No,73,9.7,4,9.3,7.4,6,3,No,1610
451,36,Male,Basic,1000,0,Yes,No,72,5.8,5,6.5,5.2,9,5,Yes,1731
452,53,Female,Premium,2000,4,Yes,No,41,7.9,1,4.8,14.6,0,1,No,2633
453,28,Male,VIP,3500,4,Yes,Yes,39,1.6,0,0.4,5.1,2,3,No,4094
454,31,Male,VIP,3500,5,No,Yes,67,4.5,1,5.3,2.3,0,3,No,3493
455,27,Female,Premium,2000,2,Yes,No,57,4.7,2,9.7,11.4,9,5,Yes,2489
456,46,Female,VIP,3500,1,No,Yes,37,6.8,0,3.1,6.3,3,3,Yes,2867
457,21,Male,VIP,3500,3,No,Yes,22,0.8,3,6.8,14.4,8,3,Yes,3062
458,56,Male,VIP,3500,5,No,Yes,74,3.7,2,0.1,5.5,4,3,No,3144
459,31,Female,VIP,3500,6,No,No,40,8.1,3,7.3,6.5,9,4,Yes,2506
460,37,Female,VIP,3500,5,Yes,No,31,0.1,5,9.1,6.5,8,3,No,3686
461,26,Male,Basic,1000,6,No,No,25,8.2,2,8.3,4.9,8,5,No,913
462,18,Male,Premium,2000,4,No,Yes,56,4.2,3,9.1,9.8,0,0,No,2452
463,22,Female,VIP,3500,7,No,No,80,9.7,0,3.7,11.1,0,2,Yes,2529
464,27,Female,Premium,2000,2,No,Yes,26,2.7,3,6.4,14.3,0,2,Yes,2327
465,22,Male,VIP,3500,2,Yes,Yes,89,3.2,2,8.3,10.4,4,2,No,4152
466,41,Male,VIP,3500,5,Yes,Yes,37,5.2,2,7.8,6.5,2,0,No,4357
467,32,Male,VIP,3500,1,No,No,29,1.2,1,9.2,7.5,4,5,Yes,2318
468,46,Female,Basic,1000,4,Yes,Yes,48,1.3,5,1.4,3.8,2,1,Yes,2540
469,45,Male,Basic,1000,0,No,No,25,2.0,0,7.9,7.9,0,3,Yes,429
470,20,Male,Premium,2000,0,Yes,Yes,46,5.9,1,1.8,5.6,1,1,No,3282
471,35,Female,Premium,2000,2,Yes,Yes,32,8.2,0,5.3,10.9,4,1,No,3275
472,18,Male,Basic,1000,7,No,Yes,76,6.7,0,1.8,5.6,6,3,Yes,1916
473,44,Male,Premium,2000,1,No,Yes,86,1.4,2,7.0,8.6,0,0,Yes,1959
474,42,Female,Premium,2000,4,No,Yes,90,4.1,3,1.9,1.5,7,5,Yes,2206
475,49,Male,Premium,2000,7,Yes,Yes,38,3.9,5,5.9,2.0,2,0,No,3601
476,39,Male,VIP,3500,6,Yes,Yes,74,7.3,2,7.6,11.6,9,2,No,4610
477,59,Female,Premium,2000,7,No,No,85,2.8,3,1.1,4.1,7,1,No,1768
478,19,Male,VIP,3500,0,Yes,No,23,9.7,3,6.0,5.2,4,4,Yes,3189
479,22,Female,Premium,2000,3,No,No,82,5.0,4,3.4,13.0,8,0,No,1316
480,45,Male,Premium,2000,7,No,No,76,4.6,0,1.8,10.1,4,5,Yes,1920
481,26,Female,VIP,3500,6,No,Yes,82,6.6,5,5.4,7.3,8,1,Yes,3400
482,34,Female,VIP,3500,6,No,No,61,0.6,4,0.5,12.6,5,5,No,2791
483,58,Female,Premium,2000,1,No,No,65,4.1,0,6.6,4.1,10,2,Yes,1566
484,22,Female,Basic,1000,5,Yes,Yes,88,3.3,3,6.6,6.6,8,3,Yes,2956
485,48,Male,Premium,2000,6,No,No,32,8.1,0,6.9,3.5,7,4,No,1941
486,39,Male,VIP,3500,4,No,No,45,5.0,0,8.4,8.3,4,2,No,2493
487,43,Male,VIP,3500,1,Yes,No,54,0.7,4,4.8,3.5,1,5,No,3158
488,37,Female,VIP,3500,5,Yes,No,71,2.5,4,4.5,11.6,2,0,No,3564
489,29,Female,Basic,1000,7,No,No,27,5.2,2,4.6,4.0,10,2,No,1210
490,38,Male,VIP,3500,3,No,No,56,6.5,2,6.9,3.9,3,0,No,2114
491,33,Female,Premium,2000,7,No,No,24,2.0,2,1.4,4.2,4,5,No,2029
492,20,Female,Basic,1000,0,Yes,No,58,8.7,3,9.0,10.2,1,3,No,1670
493,26,Male,Basic,1000,1,No,No,31,2.4,0,7.7,5.0,9,5,Yes,783
494,33,Female,Basic,1000,2,Yes,Yes,47,9.7,3,4.1,13.0,0,3,No,2658
495,25,Female,VIP,3500,6,No,Yes,55,8.8,1,3.6,10.9,4,0,No,3663
496,56,Male,VIP,3500,0,Yes,No,90,3.8,5,9.6,5.8,10,0,Yes,2921
497,46,Female,Basic,1000,6,No,No,31,9.4,1,3.0,13.0,2,3,No,1350
498,59,Female,Basic,1000,4,Yes,No,80,7.4,2,7.2,13.2,1,1,No,1959
499,22,Female,Premium,2000,5,No,Yes,26,6.4,1,6.3,12.0,2,0,No,2621
500,37,Female,VIP,3500,1,Yes,Yes,51,5.2,5,7.6,12.8,10,3,Yes,3863
501,46,Female,VIP,3500,2,No,Yes,61,8.0,1,0.8,5.8,6,3,No,3252
502,54,Male,Basic,1000,0,Yes,Yes,79,2.0,5,8.5,1.2,9,3,Yes,2176
503,23,Female,Basic,1000,1,Yes,No,78,8.3,3,1.2,10.8,3,2,Yes,1653
504,42,Male,Premium,2000,3,Yes,No,44,4.2,3,7.9,0.9,4,1,No,2764
505,33,Female,VIP,3500,7,Yes,Yes,80,1.3,2,9.7,6.3,3,5,No,4516
506,56,Female,Basic,1000,1,Yes,Yes,62,9.3,3,9.1,15.0,10,4,Yes,2614
507,20,Male,Premium,2000,6,No,No,67,1.3,4,0.4,3.1,2,4,No,1773
508,47,Male,Basic,1000,5,No,Yes,53,1.2,0,9.8,7.7,4,5,No,1820
509,36,Female,VIP,3500,4,No,No,41,3.2,3,7.6,2.7,10,5,No,2227
510,30,Male,Basic,1000,3,Yes,Yes,80,2.6,5,4.7,2.2,7,0,Yes,2763
511,53,Female,Premium,2000,7,Yes,Yes,35,3.5,1,8.7,3.1,2,5,No,3639
512,54,Male,VIP,3500,0,Yes,No,29,2.5,3,6.8,13.4,0,2,Yes,3148
513,25,Female,Premium,2000,1,No,Yes,23,0.8,5,6.6,7.1,4,4,Yes,2068
514,20,Female,Premium,2000,2,Yes,Yes,56,3.2,0,7.4,8.4,9,3,Yes,3130
515,29,Male,Premium,2000,1,Yes,Yes,40,3.9,3,2.8,11.4,10,1,Yes,3151
516,45,Female,VIP,3500,2,No,Yes,67,5.1,3,4.5,6.1,4,4,No,2846
517,45,Female,VIP,3500,2,No,No,31,0.4,2,9.7,10.3,10,5,No,2476
518,49,Male,Premium,2000,7,No,Yes,81,3.0,1,6.8,4.9,3,4,No,2791
519,21,Male,Basic,1000,1,No,No,32,4.6,5,5.7,4.2,4,4,Yes,657
520,19,Male,VIP,3500,7,Yes,Yes,70,0.5,3,8.8,4.8,9,5,Yes,4643
521,46,Female,Premium,2000,2,Yes,Yes,30,7.5,4,2.6,10.3,6,4,Yes,3202
522,25,Male,Basic,1000,7,No,No,82,3.0,4,3.6,10.3,10,3,No,1044
523,26,Male,Basic,1000,3,Yes,Yes,44,8.6,1,4.8,2.6,3,3,No,2839
524,52,Male,Basic,1000,4,No,Yes,80,4.2,0,1.7,2.7,7,3,No,1940
525,46,Male,Basic,1000,4,No,Yes,62,0.1,5,8.5,6.8,6,3,No,1805
526,53,Female,Basic,1000,7,No,No,85,5.9,4,9.4,13.6,7,1,Yes,1270
527,19,Female,VIP,3500,5,Yes,No,73,8.9,0,4.9,14.1,5,3,No,3310
528,28,Female,VIP,3500,3,No,No,76,2.3,1,5.9,10.4,9,5,No,2167
529,36,Female,Premium,2000,5,No,Yes,46,2.8,5,0.9,7.5,2,1,Yes,2551
530,24,Female,Premium,2000,4,Yes,Yes,26,10.0,2,8.8,5.7,2,1,No,3657
531,50,Male,Basic,1000,5,No,Yes,49,1.2,1,4.9,14.9,5,0,No,1885
532,35,Male,VIP,3500,1,Yes,No,78,9.6,0,9.7,11.8,9,0,Yes,2921
533,50,Male,Basic,1000,1,Yes,No,40,7.3,5,4.4,7.8,1,1,Yes,1571
534,26,Male,Basic,1000,7,No,Yes,51,8.3,3,3.4,7.8,1,2,No,2186
535,44,Female,VIP,3500,3,Yes,No,49,1.4,3,4.1,6.4,7,4,No,3285
536,19,Female,Basic,1000,0,Yes,Yes,63,3.1,1,4.3,6.2,0,5,No,2177
537,54,Male,VIP,3500,4,No,No,90,8.7,5,7.4,13.7,0,2,No,2512
538,27,Female,Premium,2000,3,No,No,71,7.8,2,0.8,8.3,6,5,No,1750
539,26,Female,Basic,1000,1,No,No,40,0.2,4,5.9,4.0,4,5,Yes,658
540,25,Male,Premium,2000,4,No,Yes,26,7.6,0,4.5,8.8,0,3,No,2320
541,55,Male,Premium,2000,4,No,Yes,68,5.2,1,1.1,8.0,3,2,No,2275
542,45,Female,Basic,1000,1,Yes,No,36,4.8,3,0.8,10.3,6,4,Yes,1798
543,43,Female,VIP,3500,7,No,No,82,7.3,3,8.2,2.6,2,3,No,2566
544,50,Male,VIP,3500,3,No,No,24,7.5,4,3.7,14.3,9,3,Yes,2289
545,54,Female,Basic,1000,2,Yes,No,59,9.9,2,2.9,0.9,2,1,No,1715
546,21,Female,Premium,2000,3,Yes,No,20,1.2,2,0.7,1.1,7,4,No,2531
547,39,Female,Premium,2000,2,Yes,No,77,6.7,1,8.7,5.2,9,5,No,2398
548,32,Female,Premium,2000,0,No,No,31,8.7,5,0.2,9.6,4,4,Yes,1329
549,53,Male,Basic,1000,0,Yes,No,84,9.0,0,6.6,8.2,0,2,No,1425
550,55,Female,Basic,1000,5,No,Yes,82,8.6,0,3.4,3.1,0,4,No,1731
551,23,Male,Basic,1000,2,No,Yes,43,2.6,0,1.5,14.3,10,1,Yes,1792
552,38,Male,Basic,1000,0,No,No,32,3.2,3,8.9,4.2,1,0,Yes,685
553,56,Male,Premium,2000,6,Yes,No,27,3.2,4,4.1,7.5,6,5,Yes,3053
554,19,Female,VIP,3500,1,Yes,Yes,58,5.7,3,0.8,9.7,3,1,Yes,3786
555,33,Female,VIP,3500,7,Yes,Yes,79,9.6,4,2.9,14.6,0,0,No,4546
556,35,Female,VIP,3500,6,No,Yes,85,2.8,1,7.4,8.7,4,0,No,3262
557,26,Female,Premium,2000,3,No,No,53,9.8,5,4.5,4.1,5,2,Yes,1791
558,56,Female,Basic,1000,2,Yes,No,20,9.0,5,1.7,8.6,7,3,Yes,1903
559,59,Male,VIP,3500,0,No,Yes,65,9.7,3,8.3,5.7,2,5,No,2663
560,47,Female,Basic,1000,7,Yes,Yes,22,7.6,5,9.2,5.7,1,4,No,3213
561,32,Male,Premium,2000,5,Yes,No,83,9.0,5,6.1,0.6,10,3,Yes,2642
562,54,Female,Basic,1000,3,Yes,Yes,36,7.5,1,2.6,8.8,3,4,No,2540
563,30,Male,VIP,3500,4,No,Yes,74,6.4,5,0.5,14.1,6,3,Yes,3348
564,51,Female,Premium,2000,5,Yes,Yes,26,2.8,3,5.3,5.1,6,1,Yes,3750
565,54,Male,VIP,3500,3,No,Yes,51,2.0,2,3.1,9.6,1,0,No,3313
566,19,Female,Premium,2000,3,Yes,No,50,9.6,0,8.2,8.0,3,0,No,2617
567,46,Male,VIP,3500,7,Yes,Yes,27,9.2,3,3.1,12.8,1,1,Yes,4710
568,46,Male,Premium,2000,6,Yes,Yes,27,5.6,2,8.5,6.3,9,3,Yes,3706
569,60,Male,Premium,2000,6,No,No,32,3.4,5,7.8,7.1,5,4,Yes,1652
570,18,Male,VIP,3500,3,Yes,No,65,4.2,5,6.2,3.2,2,0,Yes,3259
571,55,Female,VIP,3500,5,No,Yes,38,4.7,4,3.4,5.8,0,4,No,3447
572,27,Male,Basic,1000,0,No,No,45,9.8,5,9.1,11.9,5,1,Yes,655
573,47,Female,VIP,3500,5,No,No,62,1.6,3,8.8,13.7,7,1,No,2627
574,32,Male,Premium,2000,3,Yes,No,62,8.1,3,2.1,3.2,0,2,Yes,2483
575,19,Male,Basic,1000,4,No,Yes,66,0.4,0,2.0,4.6,3,2,No,1673
576,53,Male,Basic,1000,3,Yes,Yes,53,9.1,0,8.3,2.5,10,0,No,2507
577,37,Female,Basic,1000,5,No,Yes,87,9.8,4,8.8,13.2,1,0,Yes,2073
578,26,Male,Basic,1000,6,No,No,74,9.8,1,9.2,11.6,9,1,No,1050
579,27,Female,Basic,1000,0,No,Yes,85,9.7,3,2.1,1.7,7,5,Yes,1185
580,50,Female,VIP,3500,5,No,No,42,3.2,2,5.3,7.5,7,3,Yes,2505
581,58,Male,Basic,1000,3,Yes,No,50,4.0,2,4.3,6.0,2,2,No,1643
582,26,Male,Premium,2000,7,No,Yes,25,4.7,4,3.4,7.0,6,3,Yes,2754
583,38,Female,Premium,2000,0,Yes,No,49,2.7,0,3.6,1.7,8,4,Yes,2040
584,35,Male,Basic,1000,1,Yes,No,24,5.5,2,2.0,5.3,4,5,No,1749
585,35,Male,VIP,3500,2,No,Yes,58,2.8,2,7.8,6.4,6,4,No,2806
586,48,Male,Premium,2000,3,Yes,Yes,80,2.3,4,7.9,11.5,7,2,Yes,3260
587,30,Female,VIP,3500,6,Yes,No,77,8.5,0,3.7,8.9,2,2,No,3404
588,49,Female,Premium,2000,3,No,No,71,7.6,5,5.4,5.2,0,4,No,1772
589,26,Male,Premium,2000,6,No,Yes,70,0.6,3,1.9,2.1,9,3,No,2555
590,23,Male,Basic,1000,2,Yes,No,23,1.9,0,9.1,6.1,3,1,No,1768
591,22,Female,Basic,1000,5,Yes,Yes,61,8.6,3,3.9,14.8,2,4,Yes,2980
592,22,Female,Basic,1000,2,Yes,No,75,8.2,5,4.7,9.3,4,4,Yes,1866
593,47,Female,Basic,1000,0,Yes,No,28,8.2,4,8.1,8.1,9,3,Yes,1594
594,20,Male,Premium,2000,7,No,No,70,6.1,1,4.2,3.1,9,5,No,1896
595,60,Male,VIP,3500,1,No,Yes,50,8.9,1,2.7,9.6,4,5,No,3057
596,31,Female,Premium,2000,1,No,Yes,33,5.0,2,4.1,2.9,3,4,Yes,1913
597,22,Female,Premium,2000,5,No,Yes,70,0.4,2,1.1,13.8,5,5,No,2548
598,47,Male,Basic,1000,3,No,Yes,80,8.2,1,1.7,0.8,1,1,No,1673
599,43,Male,Basic,1000,0,No,Yes,76,3.6,1,7.1,13.4,8,1,Yes,1124
600,58,Male,Premium,2000,4,No,Yes,20,0.5,3,7.7,14.0,5,1,Yes,2208
601,44,Male,Basic,1000,5,Yes,Yes,48,9.6,0,8.0,12.5,2,5,Yes,2812
602,50,Male,Premium,2000,5,Yes,Yes,89,4.0,3,1.2,3.6,5,2,Yes,3505
603,59,Female,Basic,1000,6,Yes,No,48,0.7,2,6.5,5.9,1,1,No,2292
604,56,Female,Basic,1000,2,No,Yes,61,9.8,5,3.9,13.9,2,2,Yes,1689
605,38,Female,Basic,1000,5,Yes,No,68,5.1,5,2.3,9.0,0,1,Yes,2188
606,25,Female,Basic,1000,6,Yes,Yes,27,1.4,3,3.0,2.7,3,5,Yes,3172
607,56,Female,VIP,3500,5,Yes,No,60,6.4,0,5.2,14.7,10,2,No,3417
608,39,Female,Basic,1000,3,Yes,Yes,48,6.1,3,5.2,3.2,10,0,Yes,2651
609,22,Male,Basic,1000,2,Yes,Yes,31,1.7,4,8.3,14.0,3,4,Yes,2671
610,47,Female,Basic,1000,3,Yes,No,42,6.1,2,2.9,7.0,10,1,Yes,2000
611,48,Male,Premium,2000,6,No,Yes,80,4.4,4,6.1,6.8,2,3,Yes,2595
612,45,Male,Premium,2000,2,Yes,No,68,4.6,3,2.8,8.7,7,0,Yes,2566
613,48,Male,Basic,1000,3,Yes,Yes,84,7.3,2,4.9,13.9,6,5,Yes,2650
614,37,Male,Premium,2000,0,Yes,No,40,1.9,3,9.6,11.7,5,4,Yes,2325
615,41,Male,VIP,3500,6,No,Yes,51,4.8,2,6.3,10.3,10,5,Yes,3509
616,47,Male,Premium,2000,3,Yes,Yes,34,7.7,5,7.1,6.1,9,0,Yes,3196
617,45,Male,Premium,2000,4,No,No,59,7.3,5,8.7,2.1,9,2,No,1537
618,31,Female,VIP,3500,4,Yes,Yes,82,0.0,0,7.7,6.6,6,5,Yes,4220
619,28,Male,Premium,2000,2,Yes,Yes,82,1.8,0,4.5,12.3,2,1,Yes,3093
620,30,Female,Premium,2000,7,Yes,Yes,30,2.9,3,1.2,1.4,0,4,Yes,3748
621,24,Male,Basic,1000,4,Yes,Yes,32,2.1,0,3.8,8.0,4,3,No,2672
622,56,Female,Premium,2000,5,No,No,50,9.4,5,4.0,9.4,5,2,No,1501
623,47,Female,VIP,3500,2,Yes,Yes,87,2.8,5,7.5,4.1,7,4,No,4245
624,48,Female,VIP,3500,3,Yes,No,22,6.3,0,9.7,11.2,10,3,Yes,3348
625,43,Male,Premium,2000,6,No,Yes,69,2.9,1,7.1,13.1,9,5,No,2465
626,49,Male,Premium,2000,7,Yes,No,34,4.8,4,2.4,3.6,10,5,Yes,2922
627,19,Male,Premium,2000,6,No,Yes,52,6.7,5,1.2,2.5,8,5,No,2446
628,39,Male,VIP,3500,1,No,No,68,6.5,4,9.7,6.8,3,1,Yes,2048
629,23,Male,Basic,1000,5,Yes,Yes,67,1.3,2,9.5,8.9,0,2,No,2874
630,30,Female,Premium,2000,5,No,Yes,86,6.6,4,2.2,6.2,8,3,Yes,2717
631,36,Male,Premium,2000,7,Yes,No,38,7.5,5,0.3,5.1,8,5,Yes,3134
632,54,Female,VIP,3500,3,No,No,68,0.6,2,1.5,10.9,3,5,No,2572
633,29,Female,VIP,3500,6,No,Yes,22,5.5,2,4.2,7.4,5,3,No,3470
634,36,Female,VIP,3500,3,No,Yes,36,3.2,4,8.7,1.3,4,3,No,3195
635,26,Female,VIP,3500,7,No,Yes,46,2.2,5,2.0,9.9,5,5,No,3352
636,27,Female,Premium,2000,2,Yes,Yes,65,9.7,1,9.5,2.2,8,5,No,3222
637,27,Female,Basic,1000,0,Yes,Yes,70,4.9,5,6.0,3.0,6,5,No,2443
638,60,Male,Premium,2000,6,No,No,67,0.1,0,0.8,7.6,10,4,Yes,1900
639,54,Female,Premium,2000,1,Yes,No,81,10.0,5,4.3,8.8,1,2,Yes,2565
640,52,Male,Premium,2000,0,No,No,28,5.2,4,5.4,12.4,10,0,Yes,1106
641,60,Male,Basic,1000,2,Yes,No,60,1.2,1,5.8,10.0,1,4,No,1885
642,20,Male,Basic,1000,4,No,Yes,74,9.8,5,0.0,4.9,8,2,No,1727
643,26,Female,VIP,3500,5,No,Yes,32,6.6,0,2.4,3.2,4,1,No,3408
644,53,Male,VIP,3500,5,No,Yes,74,0.7,2,2.6,9.9,2,3,No,3583
645,34,Female,VIP,3500,2,Yes,Yes,54,10.0,5,6.5,10.9,9,5,Yes,4061
646,56,Male,Premium,2000,2,No,No,68,0.3,4,2.5,4.4,8,0,No,1408
647,22,Female,VIP,3500,1,No,No,54,1.5,1,2.7,1.9,3,3,No,2300
648,25,Male,VIP,3500,4,No,Yes,87,3.5,4,8.7,8.5,9,0,No,3087
649,38,Female,Basic,1000,5,No,No,36,2.6,5,5.1,2.8,2,1,No,1176
650,35,Male,VIP,3500,5,Yes,No,78,1.8,2,8.0,7.8,4,3,No,3667
651,32,Female,VIP,3500,1,No,No,60,8.5,5,0.8,11.1,1,1,Yes,1943
652,36,Female,Basic,1000,6,Yes,No,83,5.2,5,8.9,10.6,6,0,Yes,2366
653,18,Female,VIP,3500,5,Yes,Yes,77,9.6,5,9.3,11.6,3,1,Yes,4529
654,26,Female,Basic,1000,6,No,No,41,3.7,0,3.4,10.3,8,0,Yes,1147
655,36,Female,Basic,1000,0,No,Yes,59,9.3,5,5.2,13.5,7,4,Yes,1129
656,40,Male,VIP,3500,7,No,No,65,1.1,2,8.9,3.2,5,0,No,2751
657,30,Male,VIP,3500,2,No,Yes,82,0.1,5,2.5,7.3,5,2,No,3256
658,29,Female,Basic,1000,7,No,Yes,37,3.5,3,0.1,13.3,3,0,Yes,1820
659,26,Female,Premium,2000,5,Yes,Yes,45,9.5,5,9.8,2.2,7,4,Yes,3649
660,26,Female,Premium,2000,6,Yes,Yes,33,7.9,1,1.6,7.8,10,1,Yes,3824
661,39,Female,VIP,3500,0,No,No,57,2.8,0,7.6,4.1,2,5,No,1927
662,35,Male,Premium,2000,3,No,Yes,80,7.1,0,7.0,7.8,2,1,No,2402
663,58,Male,Basic,1000,1,Yes,No,24,2.7,1,9.3,6.7,9,1,Yes,1426
664,42,Female,VIP,3500,4,Yes,Yes,63,4.3,0,5.1,9.8,4,0,No,4143
665,40,Female,Basic,1000,5,Yes,Yes,25,0.0,5,7.4,3.6,7,2,No,2651
666,45,Male,Premium,2000,7,No,No,58,1.1,5,0.1,8.5,2,2,No,2114
667,41,Female,Basic,1000,4,Yes,No,31,8.9,1,6.3,9.2,0,4,No,2152
668,59,Male,Basic,1000,7,Yes,Yes,89,6.2,2,7.3,14.8,3,4,No,2822
669,26,Male,Premium,2000,4,No,No,77,6.3,0,9.1,1.5,6,4,No,1657
670,19,Male,VIP,3500,4,Yes,No,25,9.6,0,7.9,10.6,6,3,No,3645
671,50,Male,Basic,1000,7,No,No,71,6.1,1,1.8,2.8,3,4,No,1450
672,50,Female,VIP,3500,4,No,Yes,57,7.1,4,1.2,3.7,8,1,Yes,3327
673,27,Female,Basic,1000,4,Yes,Yes,46,5.3,0,6.5,9.7,5,2,No,2861
674,53,Female,VIP,3500,2,No,No,61,9.9,5,8.2,12.4,3,5,No,2090
675,34,Male,VIP,3500,1,No,No,90,2.1,3,2.2,4.4,9,5,Yes,2285
676,43,Male,Premium,2000,3,No,No,38,9.0,0,5.0,7.2,2,1,No,1782
677,29,Female,Basic,1000,4,Yes,Yes,70,6.9,1,0.7,1.5,3,3,No,2996
678,43,Male,VIP,3500,2,Yes,Yes,68,3.8,0,8.3,11.6,10,0,Yes,4194
679,23,Female,Basic,1000,0,Yes,Yes,89,7.4,2,8.5,1.7,2,3,No,2556
680,46,Male,Premium,2000,5,No,Yes,51,0.6,5,2.7,8.4,0,0,Yes,2451
681,24,Female,Basic,1000,0,Yes,Yes,49,4.3,1,3.5,4.7,10,3,Yes,2466
682,25,Female,Basic,1000,1,Yes,Yes,56,3.6,4,3.3,5.7,1,0,Yes,2291
683,45,Female,VIP,3500,2,No,Yes,58,6.2,2,3.5,2.0,7,5,No,2935
684,22,Male,Basic,1000,2,No,Yes,69,4.5,3,8.1,2.1,6,5,Yes,1346
685,38,Male,Basic,1000,6,No,No,83,4.2,5,9.7,9.2,10,2,Yes,1383
686,59,Male,Premium,2000,6,No,No,88,5.4,1,3.8,8.9,6,4,No,1955
687,32,Male,Basic,1000,5,Yes,Yes,22,3.6,3,9.6,13.9,0,2,Yes,3034
688,26,Female,Premium,2000,2,No,Yes,46,8.3,0,7.5,2.2,2,3,No,2356
689,45,Female,Basic,1000,1,Yes,No,40,0.3,2,1.4,4.1,0,4,No,1613
690,27,Male,Premium,2000,2,No,No,72,7.2,3,7.8,10.6,4,0,Yes,1651
691,59,Male,VIP,3500,2,Yes,Yes,70,8.3,5,9.5,7.1,4,4,No,4163
692,32,Female,Basic,1000,4,Yes,No,36,7.4,3,6.2,3.7,2,5,No,2009
693,22,Female,Premium,2000,5,No,No,41,0.5,2,6.5,3.3,1,0,No,1808
694,39,Male,Basic,1000,4,Yes,Yes,28,2.1,0,7.6,5.0,8,1,No,2516
695,33,Female,Basic,1000,0,No,Yes,26,3.1,2,0.1,5.7,4,3,No,1261
696,43,Female,Basic,1000,1,No,No,84,1.0,1,0.2,12.0,7,4,Yes,419
697,36,Male,Basic,1000,7,Yes,Yes,49,8.8,5,6.5,11.6,2,4,No,3173
698,56,Female,Premium,2000,2,No,No,66,6.2,3,0.4,10.8,10,3,Yes,1512
699,56,Male,Basic,1000,7,Yes,Yes,38,7.7,2,5.5,14.5,1,3,Yes,2960
700,28,Female,Basic,1000,1,No,No,65,0.9,1,7.1,7.2,7,2,No,626
701,59,Male,Basic,1000,7,Yes,No,56,4.0,4,9.2,2.4,5,4,No,2487
702,38,Female,Basic,1000,6,No,No,25,6.2,5,0.6,12.0,8,0,Yes,953
703,36,Female,Basic,1000,6,Yes,Yes,69,8.7,5,0.9,7.3,10,4,No,2938
704,24,Male,Basic,1000,1,No,No,45,4.0,0,3.2,14.9,7,1,Yes,643
705,25,Female,Premium,2000,0,Yes,No,38,6.4,2,5.7,14.8,6,0,No,2185
706,45,Female,Basic,1000,0,Yes,Yes,74,2.7,5,1.8,2.6,4,3,Yes,2547
707,46,Female,VIP,3500,3,No,Yes,26,0.9,3,3.4,11.4,2,1,Yes,3114
708,48,Female,VIP,3500,2,No,No,69,8.2,4,7.8,9.2,1,5,No,2315
709,27,Female,VIP,3500,5,Yes,Yes,78,9.3,3,8.6,2.1,10,3,Yes,4469
710,18,Female,Basic,1000,7,Yes,Yes,47,7.5,1,4.2,8.4,2,4,No,2978
711,31,Male,VIP,3500,0,No,No,22,3.0,2,5.0,13.1,7,5,No,2011
712,44,Female,Premium,2000,6,No,Yes,42,4.6,2,1.8,9.1,8,3,No,2832
713,60,Female,VIP,3500,4,Yes,Yes,33,0.9,0,6.2,6.5,7,5,No,4474
714,52,Male,VIP,3500,7,Yes,No,73,2.1,3,5.5,2.2,7,0,Yes,3906
715,47,Female,VIP,3500,6,Yes,No,48,5.1,2,8.8,4.3,6,5,Yes,3860
716,44,Male,Basic,1000,0,Yes,No,86,8.2,4,3.2,3.0,9,3,Yes,1798
717,43,Male,VIP,3500,6,Yes,No,36,9.4,3,9.8,3.0,5,4,Yes,3518
718,24,Male,VIP,3500,1,No,No,90,1.6,2,2.0,1.9,6,0,Yes,2203
719,27,Male,VIP,3500,1,No,Yes,36,9.8,5,6.3,5.7,3,5,No,2852
720,30,Male,VIP,3500,6,No,Yes,55,0.8,1,6.3,9.8,9,0,Yes,3674
721,56,Male,Basic,1000,2,No,No,43,0.9,3,8.4,13.7,3,3,Yes,907
722,19,Female,Basic,1000,7,Yes,Yes,73,3.8,2,6.3,7.0,2,1,No,3262
723,29,Male,Basic,1000,5,No,No,89,0.1,4,7.4,13.9,3,4,Yes,811
724,51,Male,Basic,1000,5,Yes,Yes,23,3.3,1,0.8,10.5,2,2,No,2702
725,23,Female,VIP,3500,4,No,No,75,5.1,3,9.2,4.1,3,5,No,2567
726,35,Female,Basic,1000,4,Yes,Yes,82,4.3,3,4.2,11.3,5,4,Yes,2696
727,45,Male,VIP,3500,5,No,Yes,77,1.7,0,9.6,4.2,6,2,No,3549
728,59,Female,Premium,2000,0,Yes,Yes,61,4.3,1,3.6,1.6,10,2,Yes,3199
729,38,Male,Basic,1000,5,Yes,No,47,4.7,2,9.0,8.6,6,2,No,2069
730,31,Male,VIP,3500,4,Yes,No,75,3.2,2,2.0,1.2,7,3,Yes,3340
731,44,Male,Basic,1000,7,Yes,No,69,2.4,0,2.9,9.8,9,0,No,2145
732,26,Female,Basic,1000,0,No,Yes,28,4.7,3,7.2,4.5,5,3,Yes,1496
733,38,Female,VIP,3500,0,No,No,78,4.9,5,9.7,2.3,5,4,Yes,1914
734,21,Male,Basic,1000,1,No,No,48,1.7,1,7.2,12.3,8,0,No,844
735,21,Female,Basic,1000,1,Yes,No,29,2.6,5,6.1,12.3,4,5,Yes,1470
736,55,Female,Basic,1000,2,No,Yes,72,6.4,5,1.2,8.2,9,3,No,1799
737,35,Female,VIP,3500,7,Yes,Yes,53,7.7,5,0.8,8.6,3,5,No,4738
738,31,Male,Basic,1000,7,Yes,Yes,21,6.7,3,8.2,3.2,1,2,Yes,3102
739,51,Female,Premium,2000,7,Yes,Yes,36,2.2,2,3.9,7.1,9,4,Yes,3704
740,30,Male,Premium,2000,6,Yes,No,33,1.5,0,7.5,4.0,7,1,Yes,2843
741,60,Female,Premium,2000,4,Yes,Yes,65,4.3,1,4.0,6.7,5,0,No,3389
742,24,Male,VIP,3500,6,No,Yes,57,1.9,1,5.9,8.2,7,4,No,3548
743,21,Male,Basic,1000,3,Yes,Yes,24,5.8,1,0.7,2.0,3,4,No,2607
744,43,Female,Basic,1000,3,No,No,46,1.7,1,3.5,4.7,9,2,No,648
745,29,Female,VIP,3500,4,Yes,Yes,60,6.8,1,1.9,13.5,2,0,No,4219
746,39,Male,Basic,1000,4,Yes,Yes,21,5.9,3,5.8,7.6,3,3,Yes,2919
747,19,Female,Basic,1000,2,Yes,Yes,32,3.0,5,3.4,7.6,5,4,Yes,2549
748,34,Female,Premium,2000,0,No,No,62,8.9,5,8.6,13.6,9,3,Yes,1351
749,51,Male,Basic,1000,6,Yes,Yes,65,5.0,1,5.8,10.6,6,2,Yes,2745
750,30,Female,VIP,3500,1,No,No,87,1.7,5,3.5,5.3,9,3,No,2041
751,37,Male,Basic,1000,5,Yes,No,78,5.7,2,2.9,14.6,7,5,Yes,2148
752,27,Female,VIP,3500,2,No,No,56,0.6,2,0.2,1.1,4,4,No,2250
753,37,Male,Premium,2000,5,Yes,Yes,52,1.4,2,7.9,7.8,8,1,No,3665
754,35,Male,VIP,3500,3,No,Yes,57,2.2,3,9.3,4.1,10,5,Yes,3104
755,24,Female,Premium,2000,4,Yes,No,61,8.0,1,6.8,3.4,2,3,No,2554
756,37,Male,Premium,2000,7,Yes,No,75,1.0,4,4.4,5.0,10,5,Yes,2881
757,45,Female,Premium,2000,6,No,Yes,23,9.6,3,0.9,2.5,4,1,No,2591
758,26,Female,Basic,1000,6,Yes,No,20,4.6,4,4.6,1.3,0,2,No,2232
759,24,Female,VIP,3500,1,No,No,62,8.6,0,7.4,10.3,0,5,Yes,1973
760,53,Female,Basic,1000,3,Yes,No,59,7.2,0,8.1,9.5,3,0,No,1678
761,56,Male,VIP,3500,1,Yes,Yes,33,4.7,4,4.4,1.3,1,2,Yes,3794
762,33,Female,VIP,3500,7,Yes,No,38,6.4,1,1.4,11.3,3,1,No,3858
763,52,Male,Premium,2000,7,No,No,32,9.6,3,3.7,4.5,6,5,No,1937
764,44,Female,Basic,1000,0,No,No,35,5.6,0,5.8,1.0,10,5,Yes,321
765,40,Male,Premium,2000,7,No,Yes,40,3.6,4,2.1,13.6,8,3,Yes,2589
766,59,Male,Premium,2000,5,No,Yes,55,7.8,5,3.0,6.2,10,3,Yes,2541
767,56,Male,VIP,3500,4,Yes,No,64,5.8,3,0.7,0.9,2,1,Yes,3254
768,49,Female,Premium,2000,3,Yes,Yes,42,7.3,3,7.6,6.6,1,0,No,3158
769,20,Male,Premium,2000,5,Yes,Yes,61,1.1,3,3.8,14.8,9,4,Yes,3429
770,49,Female,VIP,3500,4,Yes,Yes,40,4.3,4,8.1,3.3,9,0,No,4342
771,24,Male,Basic,1000,2,Yes,No,72,5.7,0,3.4,10.4,10,4,Yes,1926
772,31,Female,VIP,3500,5,No,Yes,28,4.4,5,3.8,1.5,1,1,No,3252
773,24,Male,Premium,2000,3,Yes,No,22,2.2,2,9.2,4.1,5,0,No,2380
774,36,Male,VIP,3500,3,No,No,27,5.5,0,5.8,14.1,4,5,Yes,2273
775,44,Female,Basic,1000,5,Yes,Yes,46,5.5,5,3.3,11.5,0,1,Yes,3012
776,54,Male,Premium,2000,1,No,Yes,90,4.8,1,2.7,1.1,0,3,No,2232
777,40,Female,Premium,2000,4,Yes,Yes,27,0.3,1,5.3,13.0,10,5,No,3482
778,48,Male,Premium,2000,6,Yes,No,74,5.5,0,4.4,13.5,5,2,Yes,2823
779,21,Male,Basic,1000,1,Yes,Yes,72,7.5,4,5.7,14.9,0,5,Yes,2229
780,22,Male,Basic,1000,7,Yes,No,25,3.1,4,6.6,4.0,4,1,No,2245
781,60,Male,VIP,3500,1,Yes,No,89,2.1,5,7.4,5.7,3,3,No,3382
782,41,Female,VIP,3500,3,No,No,89,5.0,0,3.5,6.5,9,3,Yes,2204
783,26,Male,Premium,2000,3,Yes,No,38,0.4,1,7.0,9.9,7,0,Yes,2728
784,20,Female,Premium,2000,6,No,Yes,27,2.8,4,3.8,0.8,6,3,Yes,2514
785,31,Female,Basic,1000,6,Yes,No,24,5.4,2,9.4,13.7,5,2,No,2202
786,31,Male,Premium,2000,6,No,Yes,33,5.5,5,9.3,4.7,8,3,Yes,2768
787,54,Female,Basic,1000,6,No,Yes,36,9.1,2,8.0,14.3,1,1,No,1851
788,39,Female,Basic,1000,4,No,No,52,7.8,4,0.1,4.9,10,2,No,1133
789,29,Female,Premium,2000,0,No,Yes,79,0.4,2,4.8,12.7,3,3,Yes,2280
790,23,Female,VIP,3500,5,Yes,No,43,2.6,2,2.6,7.7,3,5,No,3746
791,57,Male,Basic,1000,1,Yes,Yes,84,8.6,4,3.2,8.5,3,0,No,2332
792,34,Male,VIP,3500,5,Yes,Yes,64,1.1,4,4.4,7.9,3,1,No,4290
793,44,Male,VIP,3500,6,No,Yes,23,3.3,2,3.3,6.4,10,2,No,3698
794,36,Male,Basic,1000,5,Yes,No,39,9.1,0,1.1,3.6,5,4,No,2179
795,50,Female,Basic,1000,6,Yes,Yes,68,7.6,5,0.8,1.6,3,4,No,2994
796,58,Female,VIP,3500,1,Yes,No,87,5.2,2,2.7,12.6,4,1,Yes,3309
797,41,Male,Premium,2000,5,Yes,Yes,76,7.3,3,3.6,5.6,8,0,No,3634
798,48,Male,Premium,2000,6,Yes,Yes,88,2.4,3,6.7,10.2,9,2,Yes,3574
799,38,Male,Basic,1000,6,No,Yes,83,6.3,1,9.0,13.2,0,1,Yes,1834
800,53,Female,VIP,3500,1,Yes,Yes,75,0.2,1,9.9,2.4,8,3,No,3881
801,26,Female,VIP,3500,3,No,Yes,63,9.0,2,5.9,9.4,0,0,No,3081
802,46,Female,VIP,3500,7,No,No,81,7.0,5,1.8,11.6,8,0,Yes,2503
803,55,Female,VIP,3500,7,No,No,76,1.8,5,5.9,14.2,1,1,Yes,2674
804,21,Female,Premium,2000,5,No,No,42,9.5,0,8.1,11.2,3,3,No,1794
805,57,Female,Basic,1000,5,No,Yes,35,2.9,3,4.4,13.3,4,2,No,1985
806,24,Male,VIP,3500,4,Yes,Yes,46,5.5,4,7.5,0.9,0,4,No,4099
807,18,Female,Basic,1000,5,Yes,No,74,7.3,4,1.3,7.1,1,5,No,2232
808,25,Female,Premium,2000,7,No,Yes,37,9.9,5,6.7,14.5,1,5,No,2872
809,22,Female,Basic,1000,5,No,No,85,6.7,0,7.1,5.1,0,3,No,1161
810,51,Female,Basic,1000,0,Yes,Yes,37,5.9,1,6.7,4.3,2,3,No,2475
811,49,Female,Basic,1000,3,Yes,Yes,20,4.3,3,5.6,3.5,2,0,No,2534
812,57,Female,VIP,3500,3,No,No,87,6.6,1,8.8,12.7,4,5,No,2507
813,58,Female,VIP,3500,5,No,No,32,2.2,2,4.2,7.0,3,5,No,2390
814,47,Female,VIP,3500,1,No,No,36,7.7,3,8.4,13.0,9,3,Yes,1914
815,36,Female,VIP,3500,3,No,Yes,61,2.6,2,4.1,12.2,6,3,Yes,2927
816,35,Female,VIP,3500,3,No,Yes,59,4.5,1,5.7,2.9,3,5,No,3395
817,57,Female,Basic,1000,0,Yes,No,31,7.8,2,9.1,11.6,8,0,Yes,1565
818,31,Female,VIP,3500,3,Yes,No,49,2.9,1,9.1,5.3,3,4,No,3581
819,18,Male,Basic,1000,1,No,No,25,1.6,2,0.2,9.7,3,0,Yes,463
820,42,Female,Basic,1000,4,Yes,Yes,29,5.0,5,7.6,6.5,0,5,No,2809
821,27,Male,VIP,3500,6,Yes,No,61,4.3,5,0.2,4.5,3,0,Yes,3735
822,54,Female,Premium,2000,4,No,Yes,48,9.7,4,2.8,4.6,8,4,Yes,2208
823,49,Female,Premium,2000,1,No,Yes,23,4.0,1,4.5,7.4,1,5,Yes,1973
824,58,Male,Basic,1000,2,Yes,No,51,0.8,3,6.2,7.4,9,1,Yes,1752
825,34,Female,Premium,2000,5,Yes,Yes,61,6.9,4,4.1,0.6,3,4,No,3579
826,49,Female,VIP,3500,3,No,No,81,5.1,5,9.9,1.7,1,3,No,2292
827,26,Male,Basic,1000,1,Yes,Yes,76,8.7,0,0.4,6.7,2,5,No,2449
828,26,Female,Premium,2000,0,No,Yes,75,10.0,5,9.2,10.3,8,2,Yes,1990
829,54,Male,Basic,1000,4,Yes,No,86,6.0,3,4.6,14.1,2,1,No,2124
830,48,Male,Premium,2000,6,Yes,Yes,80,0.7,0,3.1,3.2,1,4,No,3448
831,21,Female,VIP,3500,2,Yes,No,48,3.4,0,9.3,4.5,6,4,No,3188
832,57,Female,Premium,2000,3,Yes,Yes,33,7.3,2,1.8,8.7,2,4,No,3492
833,42,Female,VIP,3500,4,No,Yes,41,0.0,1,9.9,1.8,9,1,Yes,3243
834,18,Female,Basic,1000,0,Yes,No,74,6.6,2,3.0,11.5,3,4,Yes,1696
835,42,Female,Premium,2000,4,No,Yes,47,9.6,5,8.3,10.8,6,4,Yes,2555
836,34,Male,VIP,3500,6,No,Yes,23,8.7,3,7.7,5.5,6,1,No,3648
837,30,Female,Premium,2000,2,Yes,Yes,76,3.6,1,0.1,5.0,1,2,No,3257
838,18,Female,Basic,1000,4,No,No,25,10.0,5,2.5,9.6,9,0,No,1174
839,48,Female,Premium,2000,2,No,Yes,24,3.7,4,8.9,2.7,2,1,Yes,2427
840,25,Male,Premium,2000,0,No,Yes,89,2.8,1,6.6,11.2,5,5,No,1962
841,28,Female,VIP,3500,0,No,No,27,0.6,4,1.5,4.4,2,3,Yes,2111
842,30,Female,Basic,1000,0,No,No,64,1.2,3,5.7,10.6,9,3,Yes,770
843,23,Male,VIP,3500,1,Yes,No,22,7.7,0,2.2,5.9,1,5,No,3057
844,59,Male,VIP,3500,2,No,Yes,68,7.1,1,2.8,8.7,6,1,No,2939
845,30,Male,Premium,2000,4,No,No,31,4.9,4,3.6,11.7,8,3,No,1751
846,28,Male,VIP,3500,6,Yes,Yes,75,3.5,5,8.0,3.5,8,4,No,4606
847,35,Male,VIP,3500,3,No,Yes,79,2.6,0,5.2,9.7,7,1,No,3065
848,41,Female,VIP,3500,0,No,Yes,65,8.7,0,1.6,7.4,5,5,No,2695
849,40,Female,Basic,1000,7,Yes,Yes,76,8.1,3,5.9,10.6,6,3,No,2929
850,41,Female,Premium,2000,6,No,Yes,49,7.6,4,1.1,6.7,4,4,No,2414
851,28,Male,Premium,2000,3,Yes,Yes,62,7.9,0,9.7,5.0,2,2,No,3184
852,47,Male,VIP,3500,2,Yes,Yes,58,3.1,1,2.4,3.4,1,5,No,4150
853,53,Female,Basic,1000,7,Yes,No,32,4.7,5,3.9,3.6,7,5,Yes,2237
854,33,Male,Premium,2000,2,No,Yes,71,7.7,2,8.2,11.1,6,4,Yes,2036
855,40,Female,VIP,3500,0,Yes,Yes,50,3.7,2,5.0,0.5,9,3,No,3930
856,32,Male,Premium,2000,3,Yes,Yes,58,4.4,2,3.8,3.1,2,2,No,3445
857,48,Male,Premium,2000,6,Yes,Yes,70,6.8,0,4.6,1.7,10,5,Yes,3841
858,43,Male,Basic,1000,5,Yes,No,78,0.1,5,9.6,6.3,0,2,No,2179
859,58,Male,VIP,3500,7,No,No,62,8.4,2,1.1,3.1,6,4,No,2945
860,23,Male,Basic,1000,5,No,Yes,85,8.1,5,8.7,6.8,7,2,Yes,2044
861,49,Female,Premium,2000,0,No,No,74,3.4,2,7.7,0.8,4,1,Yes,1213
862,19,Female,Premium,2000,4,Yes,Yes,65,7.3,4,7.4,4.1,1,4,Yes,3572
863,27,Female,Premium,2000,4,No,No,51,9.2,5,8.2,8.8,0,0,No,1419
864,27,Male,Premium,2000,1,No,No,74,4.0,1,9.5,4.2,10,5,No,1528
865,45,Male,Basic,1000,4,No,Yes,26,3.7,3,2.2,14.1,4,5,No,1595
866,35,Male,VIP,3500,6,Yes,No,54,0.1,1,0.2,6.5,2,2,No,3706
867,58,Female,Basic,1000,3,Yes,Yes,61,2.2,4,2.9,10.8,7,4,Yes,2704
868,39,Female,Premium,2000,0,No,No,60,3.5,3,1.5,12.9,7,1,Yes,1087
869,42,Female,Premium,2000,0,Yes,No,64,0.8,5,9.8,5.9,4,2,Yes,2239
870,19,Male,VIP,3500,2,No,No,73,10.0,0,7.5,4.6,7,1,No,2275
871,26,Female,VIP,3500,1,Yes,No,47,2.1,0,5.7,3.1,2,5,No,3181
872,44,Female,Basic,1000,6,No,No,66,6.3,5,8.8,14.4,10,2,Yes,1172
873,43,Male,Premium,2000,7,No,No,77,1.6,1,4.0,0.5,5,3,No,2049
874,24,Female,VIP,3500,6,No,No,44,6.4,4,2.2,9.3,8,0,Yes,2774
875,44,Male,Premium,2000,3,Yes,No,31,9.5,0,7.4,13.3,10,3,No,2742
876,30,Male,Premium,2000,5,Yes,Yes,80,9.4,1,3.2,4.7,0,1,No,3535
877,33,Female,Basic,1000,2,No,Yes,62,8.7,1,2.4,11.0,1,0,No,1649
878,44,Female,Premium,2000,1,No,No,88,1.2,4,6.5,8.2,0,3,Yes,1471
879,21,Female,Premium,2000,0,No,No,85,6.3,3,4.3,2.3,2,2,No,1296
880,25,Male,Premium,2000,6,No,Yes,51,8.0,1,2.6,5.3,1,3,No,2651
881,33,Female,Premium,2000,4,No,No,77,7.0,4,2.8,1.0,2,1,No,1413
882,32,Female,VIP,3500,5,No,No,40,5.7,2,4.8,6.9,4,1,No,2655
883,26,Male,VIP,3500,4,No,No,49,0.3,1,5.8,2.7,0,2,No,2460
884,51,Female,Premium,2000,2,No,Yes,84,3.1,2,3.8,13.9,10,1,No,2246
885,29,Female,Premium,2000,0,Yes,No,48,3.1,1,1.5,9.3,1,5,Yes,2255
886,47,Male,VIP,3500,3,Yes,No,24,4.0,0,9.5,7.9,4,4,No,3533
887,52,Male,Basic,1000,7,Yes,Yes,52,8.0,1,6.9,9.9,3,1,No,3033
888,29,Male,VIP,3500,4,No,Yes,44,7.3,0,9.1,2.4,4,0,No,3124
889,55,Female,Premium,2000,1,Yes,No,29,2.0,0,4.4,7.4,1,4,No,2406
890,49,Female,VIP,3500,0,No,Yes,76,7.8,1,5.9,9.7,7,0,Yes,2808
891,56,Female,Premium,2000,2,No,No,85,2.8,5,3.0,13.1,3,2,Yes,1487
892,50,Female,VIP,3500,7,Yes,Yes,82,0.1,4,4.7,2.9,1,3,No,4348
893,46,Female,VIP,3500,2,Yes,Yes,49,2.1,4,3.1,11.6,7,0,Yes,4274
894,57,Male,VIP,3500,2,No,Yes,44,7.7,1,8.5,9.3,2,2,No,3042
895,59,Female,VIP,3500,4,Yes,No,80,9.3,2,3.7,4.9,5,5,No,3357
896,45,Female,Premium,2000,0,No,Yes,72,3.5,1,9.7,11.6,0,5,Yes,2138
897,34,Female,Premium,2000,0,No,No,68,3.3,4,7.4,12.1,9,4,Yes,1140
898,24,Male,Basic,1000,2,No,No,80,9.5,0,7.8,6.2,7,1,Yes,810
899,55,Female,Basic,1000,1,Yes,No,55,5.4,3,9.2,2.1,2,5,Yes,1900
900,44,Male,Basic,1000,4,Yes,Yes,76,2.5,4,5.5,10.1,8,4,No,2853
901,19,Male,Basic,1000,5,No,No,47,1.8,3,2.3,5.8,3,5,No,932
902,34,Male,Basic,1000,1,No,No,70,8.1,0,8.3,1.4,8,2,Yes,623
903,20,Female,VIP,3500,7,No,No,28,7.3,4,0.9,8.6,1,4,Yes,2762
904,23,Female,VIP,3500,3,Yes,No,55,4.7,5,1.5,5.3,2,5,No,3332
905,51,Female,Basic,1000,6,No,Yes,69,0.2,1,3.2,2.7,3,4,No,1867
906,52,Female,VIP,3500,3,No,Yes,44,7.7,1,3.1,2.0,8,4,No,2920
907,26,Female,Basic,1000,5,No,Yes,46,2.0,1,4.2,4.4,3,2,No,2049
908,46,Male,Premium,2000,0,No,Yes,68,0.5,3,4.0,3.5,6,4,Yes,1847
909,29,Male,Basic,1000,3,Yes,No,65,7.5,2,4.2,3.5,1,4,No,1730
910,50,Male,Premium,2000,0,Yes,No,73,4.0,0,3.5,14.2,1,3,No,2333
911,37,Male,VIP,3500,1,No,No,22,9.5,2,7.3,13.5,0,1,No,1990
912,54,Male,Basic,1000,2,Yes,No,24,0.6,1,8.7,10.1,5,4,No,1580
913,44,Male,Basic,1000,2,Yes,No,34,7.9,0,5.0,4.9,10,2,No,1635
914,57,Female,Basic,1000,0,No,Yes,80,0.3,1,9.1,1.2,6,4,No,1186
915,28,Male,Basic,1000,5,Yes,Yes,73,9.9,0,9.7,7.2,6,4,No,3038
916,56,Male,Premium,2000,7,No,No,36,3.2,4,3.7,9.4,1,3,No,2125
917,54,Male,Basic,1000,3,Yes,Yes,48,6.6,5,0.9,6.4,9,0,Yes,2528
918,29,Female,Premium,2000,7,No,Yes,61,4.2,5,1.5,11.2,0,5,No,2697
919,58,Male,Basic,1000,2,Yes,Yes,24,8.4,1,1.6,5.2,9,3,No,2476
920,30,Female,Premium,2000,3,No,No,89,4.4,5,2.8,11.6,5,2,No,1395
921,34,Female,Premium,2000,7,Yes,No,86,2.6,2,4.3,0.9,8,1,Yes,3199
922,47,Male,Basic,1000,4,Yes,No,59,4.5,4,9.8,1.7,8,1,Yes,2181
923,50,Male,Basic,1000,3,Yes,Yes,65,5.3,1,5.6,8.2,0,4,No,2517
924,51,Male,Premium,2000,2,Yes,Yes,48,8.4,5,1.5,14.2,9,3,No,3142
925,21,Female,Premium,2000,6,No,No,79,3.2,5,9.4,0.5,4,5,No,1759
926,31,Male,Basic,1000,6,Yes,Yes,81,8.2,1,3.9,2.8,6,3,No,2827
927,40,Male,Basic,1000,4,Yes,No,35,7.3,4,9.4,2.7,7,1,No,2089
928,38,Male,VIP,3500,1,No,Yes,80,2.3,3,3.0,2.3,9,3,Yes,3150
929,39,Female,Basic,1000,6,No,Yes,79,4.3,1,8.8,10.5,7,2,Yes,1752
930,23,Female,Basic,1000,7,No,No,27,6.4,2,8.4,11.1,4,5,No,1214
931,60,Female,Premium,2000,1,Yes,Yes,82,2.4,3,2.2,6.8,4,0,No,3323
932,49,Female,VIP,3500,6,Yes,Yes,32,5.8,0,9.7,4.0,9,5,No,4509
933,44,Female,VIP,3500,0,No,No,78,5.7,4,0.4,6.3,10,5,Yes,2142
934,19,Male,VIP,3500,2,Yes,No,32,2.9,3,8.0,11.1,4,2,No,3176
935,40,Male,Premium,2000,7,Yes,No,78,7.0,5,2.6,12.0,3,4,No,2980
936,59,Female,VIP,3500,6,No,Yes,83,8.6,2,3.5,8.3,3,2,No,3251
937,23,Female,Premium,2000,7,Yes,No,45,2.6,5,4.9,5.4,7,2,No,3191
938,28,Female,Basic,1000,1,Yes,No,84,7.0,4,3.0,8.6,2,3,Yes,1438
939,30,Male,Basic,1000,6,No,Yes,63,5.3,3,1.3,6.1,4,4,No,1742
940,38,Male,Premium,2000,0,Yes,Yes,55,0.3,1,8.3,14.8,3,1,Yes,3215
941,31,Male,Basic,1000,4,Yes,Yes,81,8.4,3,5.6,15.0,3,3,Yes,2765
942,55,Female,VIP,3500,6,No,No,53,4.3,2,9.0,14.1,5,4,No,2890
943,26,Female,VIP,3500,3,Yes,Yes,84,7.1,4,3.1,12.2,9,1,Yes,4267
944,59,Male,Premium,2000,4,Yes,No,76,5.0,3,0.6,14.9,0,4,Yes,2732
945,21,Female,Premium,2000,2,Yes,No,28,9.5,2,5.7,14.2,0,5,No,2420
946,26,Female,Basic,1000,7,No,No,62,2.3,4,9.5,2.6,8,5,Yes,1441
947,18,Male,VIP,3500,5,Yes,Yes,28,5.3,5,1.6,3.3,9,1,No,4115
948,59,Female,VIP,3500,1,No,Yes,32,9.5,4,7.0,10.4,6,3,Yes,2770
949,39,Male,Basic,1000,4,No,Yes,75,8.8,3,0.9,4.3,3,1,No,1831
950,58,Male,Premium,2000,7,Yes,No,22,8.8,0,9.8,1.4,5,0,No,3193
951,51,Male,Basic,1000,5,No,No,23,8.0,4,5.6,13.0,2,1,No,1055
952,29,Male,Premium,2000,1,Yes,No,42,8.9,5,8.5,11.7,8,1,Yes,2327
953,19,Male,VIP,3500,1,No,No,33,3.5,1,5.9,2.9,1,3,Yes,1979
954,57,Female,Premium,2000,6,No,Yes,90,0.7,1,3.7,4.0,7,1,No,2421
955,40,Male,Premium,2000,1,Yes,No,87,5.6,5,5.3,6.2,8,5,Yes,2264
956,26,Female,Basic,1000,4,No,No,75,3.8,3,0.2,2.0,8,3,No,856
957,49,Female,VIP,3500,0,Yes,Yes,31,3.1,4,7.5,8.8,2,5,Yes,3624
958,52,Male,Basic,1000,4,No,Yes,65,9.6,0,8.2,10.4,6,5,No,1934
959,29,Female,VIP,3500,0,Yes,Yes,78,9.5,1,7.1,1.6,3,3,Yes,3927
960,57,Male,Basic,1000,6,Yes,Yes,57,0.0,1,6.6,13.8,5,1,No,3123
961,32,Female,Premium,2000,0,Yes,Yes,51,6.2,2,8.8,6.6,9,5,No,3120
962,37,Male,VIP,3500,4,No,Yes,73,8.2,3,2.8,13.6,7,2,Yes,3320
963,43,Male,VIP,3500,7,Yes,Yes,29,6.4,0,1.6,12.0,1,1,No,4385
964,34,Female,Premium,2000,4,No,No,33,7.6,3,8.2,13.3,1,4,No,1502
965,26,Male,Premium,2000,7,Yes,Yes,49,0.4,3,1.8,11.6,1,1,Yes,3689
966,46,Male,Premium,2000,0,Yes,Yes,60,0.4,0,9.5,5.4,4,1,Yes,2902
967,59,Male,Premium,2000,6,Yes,No,84,0.6,1,6.3,5.4,7,0,No,2635
968,33,Female,VIP,3500,2,Yes,No,27,1.1,0,4.1,8.2,9,5,Yes,3477
969,38,Female,Basic,1000,2,Yes,Yes,20,3.8,4,0.6,6.1,9,0,No,2690
970,58,Male,VIP,3500,1,Yes,No,69,2.8,4,3.9,13.7,3,5,Yes,3028
971,40,Female,Premium,2000,2,No,No,48,1.4,5,7.3,14.5,6,2,No,1388
972,19,Female,Premium,2000,2,Yes,No,72,7.1,4,8.5,14.8,2,5,Yes,2682
973,43,Female,Premium,2000,7,No,No,69,4.6,2,3.3,6.3,8,1,Yes,2064
974,30,Male,VIP,3500,5,No,No,67,6.4,1,3.9,7.3,8,5,No,2763
975,57,Female,Basic,1000,3,Yes,No,90,8.9,5,3.8,8.0,2,3,Yes,1705
976,42,Male,Premium,2000,2,No,Yes,39,4.1,3,2.5,11.2,7,2,Yes,2390
977,57,Male,VIP,3500,1,Yes,Yes,22,0.1,0,3.3,1.8,5,1,No,4190
978,31,Female,Basic,1000,5,No,No,80,3.4,1,2.9,2.0,8,1,No,877
979,28,Female,Basic,1000,6,Yes,No,55,6.9,1,9.8,10.1,2,3,Yes,1920
980,26,Female,Premium,2000,6,No,Yes,22,5.9,2,9.3,9.0,2,3,No,2896
981,49,Female,Premium,2000,1,No,Yes,42,1.3,2,6.8,13.8,1,5,Yes,2224
982,38,Female,VIP,3500,1,No,No,22,6.2,4,4.2,3.0,4,1,Yes,2166
983,19,Female,Premium,2000,2,Yes,Yes,59,2.6,3,3.4,4.5,10,3,No,3170
984,53,Male,Basic,1000,0,Yes,No,68,2.0,3,3.8,1.0,10,2,Yes,1471
985,41,Female,Premium,2000,5,Yes,No,53,5.5,3,2.8,1.7,7,5,Yes,2841
986,38,Male,Basic,1000,2,Yes,Yes,29,1.8,0,1.5,12.1,1,0,Yes,2306
987,39,Male,Basic,1000,7,No,Yes,35,0.6,1,2.0,11.3,1,1,Yes,2287
988,23,Male,Premium,2000,3,Yes,Yes,30,3.9,5,5.3,7.4,3,5,No,3409
989,29,Female,Premium,2000,0,No,Yes,84,0.1,1,9.7,4.3,8,4,No,2158
990,25,Male,Basic,1000,2,No,Yes,40,3.9,4,3.0,6.5,10,2,Yes,1428
991,40,Male,VIP,3500,0,No,No,40,0.6,0,4.9,13.6,0,4,No,2020
992,23,Female,Basic,1000,1,No,No,28,5.7,5,8.4,7.0,7,2,Yes,790
993,49,Female,VIP,3500,3,Yes,Yes,25,6.9,3,4.6,7.2,6,3,No,4137
994,46,Male,Basic,1000,6,No,Yes,37,7.9,3,9.9,9.7,6,2,Yes,2105
995,60,Male,Basic,1000,2,Yes,Yes,22,3.9,1,2.7,3.4,7,3,Yes,2724
996,53,Female,Basic,1000,3,No,No,75,4.4,1,4.9,10.2,5,0,Yes,765
997,48,Female,Basic,1000,3,No,Yes,73,4.9,2,6.3,5.4,4,5,No,1713
998,25,Male,VIP,3500,4,No,No,36,3.7,3,0.6,7.0,6,1,Yes,2367
999,32,Female,VIP,3500,7,No,No,62,7.0,1,9.7,11.8,9,1,No,2812
1000,33,Male,Premium,2000,7,Yes,No,85,8.8,3,7.5,9.5,1,4,No,3008
1001,35,Male,Premium,2000,6,Yes,No,38,3.6,0,4.7,3.7,0,2,No,2917
1002,48,Male,Premium,2000,5,No,No,88,2.0,5,1.9,13.9,9,0,Yes,1531
1003,30,Female,Basic,1000,6,No,Yes,58,2.6,1,3.0,0.9,10,3,Yes,1938
1004,27,Female,VIP,3500,6,Yes,No,60,1.1,2,4.6,3.4,9,3,Yes,3700
1005,26,Female,Basic,1000,1,Yes,No,90,4.8,1,3.2,10.9,8,0,Yes,1730
1006,38,Female,Basic,1000,5,Yes,No,61,5.7,4,0.4,7.9,2,3,Yes,1834
1007,26,Male,Basic,1000,2,Yes,Yes,66,9.7,2,0.8,5.5,1,3,No,2331
1008,51,Female,VIP,3500,6,Yes,Yes,46,4.5,0,7.6,13.1,3,1,Yes,4549
1009,53,Male,Basic,1000,3,No,Yes,25,2.2,1,9.5,14.3,2,4,No,1598
1010,58,Female,Basic,1000,4,No,Yes,73,5.5,0,2.0,1.0,3,4,No,1678
1011,23,Female,VIP,3500,2,No,Yes,39,5.4,5,7.4,4.6,8,2,Yes,2881
1012,30,Female,Premium,2000,3,No,No,70,1.2,2,4.5,7.0,10,5,No,1507
1013,31,Male,Basic,1000,0,No,Yes,46,2.0,4,7.4,4.8,10,1,Yes,1518
1014,37,Female,Premium,2000,0,Yes,No,47,5.1,2,0.1,12.5,5,1,Yes,2368
1015,42,Female,Premium,2000,6,Yes,No,81,5.6,2,8.0,10.2,3,0,No,3052
1016,18,Male,VIP,3500,0,Yes,No,20,3.0,3,7.3,14.4,1,0,Yes,3130
1017,30,Female,VIP,3500,5,Yes,No,73,6.5,2,7.7,13.5,4,1,No,3776
1018,31,Male,VIP,3500,0,No,Yes,21,1.1,5,2.3,13.1,9,5,Yes,2738
1019,19,Female,Basic,1000,2,Yes,Yes,70,6.8,0,0.4,6.8,7,3,Yes,2306
1020,54,Male,VIP,3500,1,No,No,81,2.0,2,0.2,4.4,3,1,No,2314
1021,18,Male,VIP,3500,6,No,Yes,26,2.9,0,6.0,7.1,7,4,Yes,3537
1022,41,Male,Premium,2000,5,No,Yes,71,3.7,2,7.7,2.6,10,3,No,2508
1023,41,Female,Basic,1000,4,Yes,No,65,6.5,3,7.5,13.0,2,0,Yes,2170
1024,58,Male,VIP,3500,5,Yes,Yes,46,8.2,3,0.8,6.6,1,4,No,4366
1025,24,Male,Premium,2000,2,Yes,No,82,1.2,5,8.4,5.9,6,4,No,2401
1026,32,Female,VIP,3500,6,Yes,Yes,78,1.6,5,9.0,3.2,0,4,No,4453
1027,27,Male,VIP,3500,4,Yes,No,58,8.3,4,6.4,14.3,3,0,Yes,3351
1028,25,Male,Basic,1000,1,Yes,No,77,9.5,3,9.4,10.1,0,5,Yes,1575
1029,42,Female,Basic,1000,4,No,No,25,6.8,0,5.0,5.6,4,5,No,1108
1030,42,Male,Premium,2000,5,No,Yes,68,0.4,3,7.6,1.8,4,4,Yes,2425
1031,58,Male,Premium,2000,6,No,Yes,80,0.3,2,5.5,10.7,7,1,No,2448
1032,18,Male,VIP,3500,0,No,Yes,84,1.8,2,7.0,6.1,8,5,No,2729
1033,55,Male,VIP,3500,7,Yes,No,57,8.5,0,2.9,5.3,1,5,No,3928
1034,22,Male,Premium,2000,7,Yes,Yes,69,7.8,5,9.1,11.7,0,2,Yes,3674
1035,55,Female,Basic,1000,7,Yes,Yes,41,1.4,5,9.8,9.3,0,3,No,3206
1036,45,Male,VIP,3500,5,Yes,No,80,0.3,3,5.6,6.6,1,0,Yes,3785
1037,60,Female,Premium,2000,6,Yes,Yes,35,0.2,0,5.7,10.1,7,5,No,3591
1038,53,Female,Premium,2000,1,Yes,No,34,5.6,1,2.0,4.9,6,0,Yes,2361
1039,18,Male,VIP,3500,4,Yes,No,37,3.2,1,8.6,12.1,3,5,No,3445
1040,31,Male,Basic,1000,6,Yes,Yes,36,8.6,1,8.6,1.5,8,0,No,2826
1041,58,Female,VIP,3500,5,Yes,No,72,0.6,3,0.4,5.1,6,0,Yes,3671
1042,41,Female,Premium,2000,3,Yes,No,85,8.9,5,8.7,9.7,3,4,No,2554
1043,22,Female,VIP,3500,0,No,Yes,30,7.0,1,7.7,1.1,4,3,Yes,2932
1044,39,Female,VIP,3500,5,No,No,85,4.9,5,5.9,8.6,10,4,Yes,2702
1045,54,Male,Premium,2000,5,Yes,No,63,5.3,4,6.3,4.1,4,2,No,2804
1046,50,Male,Premium,2000,5,Yes,Yes,64,9.7,1,8.3,8.0,6,2,Yes,3517
1047,60,Male,VIP,3500,2,No,Yes,66,7.1,4,3.2,12.1,9,4,Yes,3170
1048,36,Male,Basic,1000,5,Yes,No,67,2.5,3,7.2,14.0,7,4,Yes,1930
1049,56,Male,Premium,2000,1,No,No,20,0.7,2,9.3,7.1,8,4,No,1361
1050,54,Female,Basic,1000,4,Yes,No,82,6.0,3,4.4,5.0,2,1,Yes,2089
1051,21,Male,Basic,1000,4,Yes,No,36,7.8,5,6.9,3.5,10,4,Yes,1757
1052,39,Female,Premium,2000,6,Yes,Yes,48,6.2,4,7.5,14.0,5,1,Yes,3683
1053,55,Female,Basic,1000,2,No,Yes,89,6.2,1,0.9,11.2,4,3,Yes,1426
1054,44,Male,Basic,1000,7,Yes,Yes,48,2.8,0,2.4,5.0,9,4,No,3028
1055,31,Male,Basic,1000,1,No,No,76,1.5,3,8.5,11.4,0,4,Yes,505
1056,49,Female,VIP,3500,5,No,Yes,83,5.1,3,8.4,9.3,5,1,No,3407
1057,42,Male,Premium,2000,3,Yes,No,65,4.1,1,7.1,13.5,6,4,No,2791
1058,19,Male,VIP,3500,1,No,Yes,69,5.7,2,3.8,7.6,7,3,Yes,2830
1059,40,Male,Premium,2000,5,No,No,40,1.7,4,6.5,9.2,3,0,No,1686
1060,21,Male,Basic,1000,2,Yes,Yes,52,0.8,2,4.5,4.8,6,2,No,2395
1061,32,Female,Premium,2000,2,Yes,Yes,31,6.2,4,6.5,11.9,2,2,No,3482
1062,45,Male,Basic,1000,0,Yes,Yes,28,7.7,2,8.2,3.1,1,3,No,2288
1063,29,Male,VIP,3500,2,Yes,Yes,61,8.6,2,5.1,0.8,8,0,No,3885
1064,21,Female,Basic,1000,2,Yes,No,55,4.6,3,1.8,2.1,3,1,No,1886
1065,20,Male,Premium,2000,2,Yes,No,78,5.3,3,6.8,6.2,8,5,Yes,2468
1066,47,Female,VIP,3500,6,No,No,41,5.0,3,1.3,1.0,1,4,No,2831
1067,37,Male,VIP,3500,6,No,No,58,3.7,2,4.9,11.4,3,3,No,2784
1068,27,Female,VIP,3500,2,No,No,51,1.4,1,9.0,4.2,6,3,No,2190
1069,31,Female,Basic,1000,6,Yes,Yes,38,9.0,0,3.0,1.3,7,3,No,3146
1070,45,Male,VIP,3500,4,No,No,25,9.3,3,0.7,5.3,4,4,Yes,2251
1071,27,Female,Basic,1000,0,Yes,No,23,4.5,2,8.0,7.2,9,2,Yes,1326
1072,51,Male,Premium,2000,7,No,Yes,90,7.3,4,5.1,15.0,2,3,Yes,2865
1073,46,Female,Basic,1000,2,Yes,Yes,69,2.8,1,0.4,4.9,2,1,No,2399
1074,44,Male,Premium,2000,4,Yes,Yes,28,1.6,0,2.7,7.5,1,1,No,3284
1075,49,Male,Basic,1000,7,No,No,80,9.6,2,5.8,8.4,5,5,No,1269
1076,27,Female,VIP,3500,3,Yes,Yes,75,4.8,2,9.4,4.9,6,0,No,4053
1077,34,Male,Basic,1000,3,Yes,Yes,79,9.1,0,7.0,7.8,6,5,No,2690
1078,39,Female,Basic,1000,3,Yes,No,28,7.7,0,4.4,12.3,2,3,No,1615
1079,39,Female,Basic,1000,4,Yes,No,82,9.3,3,5.9,6.4,3,2,Yes,2111
1080,28,Female,Basic,1000,5,No,Yes,32,0.8,5,0.1,8.3,7,0,No,2006
1081,59,Male,Basic,1000,0,No,Yes,24,1.3,2,6.8,13.8,5,5,Yes,1120
1082,28,Female,Premium,2000,1,Yes,Yes,25,6.1,1,7.9,13.5,7,0,Yes,3049
1083,57,Male,VIP,3500,4,Yes,Yes,79,6.1,2,1.6,11.8,8,0,Yes,4114
1084,36,Male,Premium,2000,5,Yes,No,77,3.6,4,3.1,10.0,6,3,No,2620
1085,37,Female,Basic,1000,3,No,Yes,39,0.4,0,5.9,2.2,1,3,No,1770
1086,22,Female,Premium,2000,5,Yes,No,75,4.1,5,6.7,10.2,9,2,No,2607
1087,48,Male,Premium,2000,2,No,Yes,64,0.7,0,8.4,12.2,6,1,No,2237
1088,60,Female,VIP,3500,5,No,Yes,61,7.5,5,4.2,5.1,9,5,Yes,3545
1089,28,Female,Premium,2000,1,No,No,38,0.4,1,2.4,9.3,4,1,No,1313
1090,20,Male,VIP,3500,5,No,No,63,0.0,3,7.7,14.6,3,1,Yes,2648
1091,60,Female,VIP,3500,6,Yes,No,25,4.5,5,5.9,4.7,7,0,Yes,3409
1092,44,Male,Premium,2000,6,No,Yes,60,8.3,1,4.5,4.9,10,0,No,2742
1093,55,Female,Premium,2000,4,Yes,Yes,25,2.2,3,2.4,0.5,0,0,No,3340
1094,52,Female,Basic,1000,4,Yes,No,47,5.3,4,2.9,2.2,3,3,No,1868
1095,29,Male,Basic,1000,6,Yes,No,51,9.5,0,1.0,14.0,4,1,No,2243
1096,34,Female,Basic,1000,6,Yes,Yes,66,1.0,2,3.1,8.4,8,5,Yes,2779
1097,25,Male,Basic,1000,1,No,Yes,34,7.6,2,1.2,11.6,8,3,Yes,1446
1098,60,Female,Basic,1000,5,Yes,No,42,3.9,1,5.5,4.1,0,4,No,2206
1099,23,Male,Basic,1000,2,No,Yes,86,8.2,4,1.9,14.9,10,2,Yes,1736
1100,42,Female,Basic,1000,6,Yes,Yes,44,6.2,3,7.7,11.3,1,5,Yes,3036
1101,49,Female,Premium,2000,5,No,Yes,25,0.4,1,0.0,5.7,10,2,No,2512
1102,18,Female,Premium,2000,1,Yes,Yes,86,5.6,0,5.9,7.4,8,4,No,3074
1103,25,Male,VIP,3500,5,Yes,No,88,8.2,2,0.4,2.0,4,5,No,3370
1104,34,Female,Basic,1000,4,No,No,29,9.8,2,0.8,5.0,4,3,No,845
1105,38,Male,VIP,3500,1,Yes,Yes,66,1.1,2,7.7,5.1,1,1,No,3998
1106,23,Male,Basic,1000,4,No,Yes,90,9.4,5,5.5,13.6,10,2,Yes,1706
1107,20,Female,Premium,2000,1,No,No,26,1.4,0,9.5,9.0,1,3,Yes,1514
1108,41,Female,VIP,3500,1,No,Yes,51,0.8,1,1.9,13.8,1,5,No,2940
1109,31,Male,Basic,1000,3,No,Yes,86,8.8,4,7.9,11.8,3,3,No,1430
1110,45,Male,VIP,3500,6,Yes,No,64,1.4,4,4.1,8.9,4,1,No,3855
1111,25,Female,Premium,2000,7,Yes,Yes,71,5.9,5,2.5,2.4,2,5,No,3995
1112,60,Male,Basic,1000,0,Yes,Yes,25,7.3,5,3.9,14.5,4,0,Yes,2433
1113,31,Male,VIP,3500,0,No,Yes,63,2.1,1,1.5,9.9,1,2,Yes,2810
1114,42,Female,Premium,2000,3,Yes,Yes,69,3.5,5,8.6,10.1,7,3,No,3323
1115,21,Female,Basic,1000,6,No,Yes,27,7.8,0,7.5,8.1,3,3,No,1847
1116,27,Female,Premium,2000,2,No,Yes,80,7.9,4,0.7,7.1,4,5,Yes,2102
1117,35,Female,Premium,2000,4,Yes,No,48,4.4,1,0.2,3.9,7,3,Yes,2885
1118,53,Male,Basic,1000,4,No,No,32,2.7,5,5.2,5.0,6,0,Yes,1190
1119,24,Male,Premium,2000,4,Yes,Yes,83,9.8,0,1.5,0.8,8,3,No,3200
1120,48,Male,Basic,1000,1,No,No,52,7.0,2,5.9,9.6,10,4,Yes,582
1121,24,Female,Premium,2000,3,Yes,No,25,8.6,2,4.7,4.0,5,3,No,2790
1122,53,Male,VIP,3500,1,Yes,Yes,49,4.1,0,2.0,6.5,1,0,No,4199
1123,53,Female,VIP,3500,2,Yes,Yes,47,3.7,0,2.6,13.8,6,0,No,4129
1124,55,Female,Basic,1000,1,No,Yes,35,0.9,2,7.9,8.3,10,1,Yes,1552
1125,35,Male,VIP,3500,0,No,Yes,72,8.9,0,0.9,9.0,9,2,Yes,2956
1126,40,Female,Premium,2000,2,Yes,Yes,22,6.7,1,1.7,2.8,0,5,No,3423
1127,31,Male,Basic,1000,4,No,Yes,77,2.3,1,0.3,11.0,3,2,No,1950
1128,37,Female,Basic,1000,1,Yes,No,68,0.1,2,0.4,3.0,6,0,Yes,1480
1129,31,Male,Basic,1000,6,Yes,No,49,7.0,1,2.7,8.0,8,5,No,2361
1130,55,Female,Premium,2000,2,Yes,No,74,1.7,3,2.8,4.3,3,5,No,2627
1131,19,Male,Premium,2000,4,No,No,31,8.7,0,8.0,2.3,0,1,No,1673
1132,25,Female,Premium,2000,2,Yes,Yes,88,8.8,1,2.4,1.2,9,4,No,3123
1133,52,Male,Premium,2000,1,No,No,62,5.5,1,0.4,7.6,3,1,No,1212
1134,58,Male,VIP,3500,2,No,Yes,74,7.2,4,0.8,11.5,7,1,Yes,3233
1135,39,Male,Basic,1000,0,Yes,Yes,23,0.8,1,7.6,12.2,9,0,Yes,2197
1136,48,Male,Premium,2000,5,Yes,Yes,39,9.9,2,3.8,2.2,8,5,Yes,3449
1137,34,Male,Basic,1000,2,No,No,82,5.2,0,1.5,12.5,4,4,No,521
1138,38,Female,Premium,2000,0,No,No,23,0.4,0,0.0,4.3,3,3,Yes,1174
1139,23,Female,VIP,3500,4,Yes,No,68,5.6,1,4.1,12.1,8,1,No,3389
1140,60,Male,Premium,2000,4,Yes,No,25,5.5,0,6.3,1.3,3,1,No,2838
1141,57,Female,VIP,3500,5,Yes,Yes,36,0.6,2,8.0,14.0,6,2,No,4163
1142,53,Male,Premium,2000,4,Yes,No,83,8.8,1,5.2,6.0,3,4,No,2604
1143,35,Male,Basic,1000,1,Yes,No,57,7.3,4,5.7,10.2,4,3,Yes,1410
1144,33,Female,VIP,3500,2,No,No,47,1.0,2,0.8,13.2,6,2,No,2323
1145,42,Male,Premium,2000,5,No,Yes,43,4.0,1,7.2,5.9,8,5,Yes,2398
1146,19,Male,Premium,2000,6,No,No,55,8.6,4,5.8,12.3,8,0,Yes,1974
1147,24,Female,Basic,1000,2,No,No,37,4.7,5,0.6,10.5,0,2,No,529
1148,36,Male,Basic,1000,3,Yes,No,44,8.3,2,5.9,13.3,1,3,No,2013
1149,27,Male,Basic,1000,1,No,No,35,5.4,4,9.8,4.0,1,5,Yes,652
1150,31,Male,Premium,2000,5,Yes,Yes,72,8.5,5,0.8,1.7,9,4,Yes,3792
1151,38,Female,Basic,1000,7,No,Yes,21,9.1,1,8.2,15.0,0,4,Yes,2198
1152,44,Male,VIP,3500,2,Yes,Yes,68,3.3,5,7.0,4.3,4,4,Yes,4171
1153,44,Male,VIP,3500,3,No,No,64,1.3,0,0.8,9.3,1,4,No,2394
1154,36,Male,VIP,3500,4,Yes,Yes,70,5.3,2,8.4,9.0,6,1,Yes,4370
1155,28,Male,VIP,3500,2,Yes,Yes,77,2.8,2,4.2,1.8,0,5,No,4174
1156,36,Male,VIP,3500,6,Yes,No,22,7.8,2,2.4,14.1,6,3,No,3780
1157,20,Male,Basic,1000,2,No,Yes,25,9.4,0,5.2,3.4,6,3,No,1345
1158,19,Female,Basic,1000,7,Yes,No,47,1.0,1,7.7,4.2,5,2,No,2220
1159,50,Male,Premium,2000,1,No,No,74,7.6,5,9.0,9.5,8,2,Yes,1593
1160,20,Male,Basic,1000,4,Yes,No,44,3.4,1,4.8,10.2,8,5,No,1769
1161,44,Male,Basic,1000,3,No,Yes,26,1.0,2,4.5,10.6,9,0,No,1689
1162,55,Male,Premium,2000,4,Yes,Yes,77,9.9,4,8.1,6.3,9,5,Yes,3682
1163,58,Female,VIP,3500,6,No,No,31,8.9,2,1.5,11.9,9,3,No,2691
1164,33,Male,Premium,2000,1,No,Yes,84,8.9,4,6.2,14.6,3,1,Yes,1955
1165,29,Male,Premium,2000,2,No,No,27,4.1,5,0.2,8.6,2,3,No,1434
1166,44,Male,VIP,3500,7,Yes,Yes,59,5.6,5,2.3,9.3,5,5,No,4764
1167,41,Male,VIP,3500,2,Yes,No,20,9.0,3,8.9,2.2,2,5,No,3222
1168,39,Male,VIP,3500,2,No,No,89,6.8,3,6.6,1.9,8,3,Yes,2176
1169,44,Male,Basic,1000,0,No,No,32,6.7,5,8.8,11.6,8,2,Yes,772
1170,25,Female,Basic,1000,4,No,Yes,50,5.9,2,8.5,4.4,0,0,No,1584
1171,48,Male,Basic,1000,0,No,No,69,0.6,0,1.2,14.7,6,4,Yes,341
1172,60,Male,VIP,3500,5,Yes,Yes,28,3.8,0,6.1,4.5,4,5,No,4539
1173,38,Male,Premium,2000,6,Yes,Yes,76,6.4,5,1.4,11.1,3,5,Yes,3408
1174,49,Female,Premium,2000,4,No,Yes,27,7.1,3,8.9,11.0,6,5,Yes,2270
1175,40,Male,VIP,3500,1,No,No,69,9.2,1,5.7,14.0,1,2,Yes,2379
1176,51,Female,Basic,1000,3,Yes,Yes,78,2.3,1,9.5,5.1,2,1,No,2892
1177,43,Male,Premium,2000,1,No,Yes,46,8.5,1,6.8,1.6,2,0,Yes,2012
1178,45,Male,VIP,3500,5,Yes,No,83,5.5,2,3.8,3.3,7,0,No,3579
1179,36,Female,Premium,2000,0,Yes,No,26,1.4,3,2.9,1.1,1,3,Yes,2027
1180,33,Female,Basic,1000,4,Yes,No,80,5.3,1,9.1,11.2,7,5,No,2168
1181,29,Male,Basic,1000,2,Yes,No,88,8.3,0,6.3,4.3,6,1,No,1674
1182,49,Female,Basic,1000,6,Yes,Yes,34,8.5,1,5.4,14.9,6,0,Yes,2993
1183,46,Male,Premium,2000,6,No,Yes,78,4.8,0,4.0,14.1,3,3,No,2813
1184,27,Male,Premium,2000,0,No,Yes,30,6.6,1,1.8,9.6,5,5,Yes,2001
1185,60,Female,Basic,1000,5,No,Yes,53,4.0,1,7.3,8.1,2,0,No,1671
1186,38,Female,Premium,2000,0,No,Yes,75,6.2,4,2.9,8.4,0,1,Yes,2270
1187,20,Female,Basic,1000,3,No,No,84,9.7,5,1.3,13.3,5,5,No,883
1188,58,Male,VIP,3500,1,No,No,77,6.3,4,4.6,12.2,0,5,Yes,1946
1189,40,Male,Basic,1000,6,No,No,81,2.0,5,1.9,14.0,7,2,Yes,939
1190,57,Male,VIP,3500,7,No,No,69,5.4,4,5.7,6.8,7,5,No,2928
1191,26,Female,VIP,3500,3,No,Yes,88,3.2,4,0.0,9.8,10,5,No,3088
1192,21,Female,Basic,1000,5,No,No,62,6.9,4,0.4,10.3,2,2,No,890
1193,39,Female,Premium,2000,4,Yes,No,78,5.9,1,1.4,12.5,9,2,Yes,2526
1194,58,Male,VIP,3500,4,No,Yes,44,5.5,4,9.3,5.4,2,2,Yes,3348
1195,38,Male,VIP,3500,5,No,Yes,63,3.9,4,1.7,14.2,3,5,Yes,3371
1196,56,Female,Basic,1000,3,Yes,No,67,3.7,5,4.9,4.3,6,4,Yes,1912
1197,38,Female,VIP,3500,4,No,Yes,20,1.9,5,6.2,13.2,8,4,Yes,3426
1198,25,Female,VIP,3500,7,Yes,Yes,45,5.2,5,3.3,3.9,0,0,No,4407
1199,43,Female,Basic,1000,5,No,No,33,3.3,2,2.0,3.6,2,2,No,909
1200,44,Female,VIP,3500,1,Yes,No,77,8.5,0,0.2,9.5,2,5,No,3310
1201,24,Female,Basic,1000,0,No,Yes,78,3.8,4,9.5,2.3,9,4,Yes,1130
1202,56,Male,Premium,2000,0,No,No,36,2.4,4,5.3,12.9,5,3,Yes,1070
1203,39,Female,Premium,2000,0,No,No,77,5.4,2,3.0,2.9,7,5,Yes,1172
1204,60,Female,VIP,3500,5,No,No,60,7.9,4,2.9,7.8,4,4,No,2795
1205,23,Female,Premium,2000,0,Yes,Yes,25,0.4,2,3.7,3.8,10,1,Yes,2921
1206,26,Male,Premium,2000,5,Yes,Yes,20,3.2,3,0.3,3.5,10,3,Yes,3393
1207,24,Female,Premium,2000,4,No,No,82,1.4,5,9.9,3.7,7,5,No,1768
1208,36,Female,Basic,1000,0,Yes,No,85,9.8,5,1.7,5.8,3,0,Yes,1712
1209,29,Male,VIP,3500,2,Yes,Yes,36,2.0,1,8.8,9.9,10,2,No,3830
1210,42,Male,Basic,1000,3,No,No,82,1.6,5,5.5,5.5,8,1,No,806
1211,51,Male,VIP,3500,7,Yes,Yes,64,4.8,2,2.6,14.6,8,5,Yes,4369
1212,42,Male,VIP,3500,0,No,Yes,31,5.1,5,7.4,6.0,10,4,Yes,2652
1213,43,Male,VIP,3500,2,No,Yes,80,1.8,3,6.9,3.4,3,4,No,3294
1214,29,Male,Premium,2000,2,Yes,Yes,47,7.4,1,9.6,11.1,5,5,No,3038
1215,58,Female,Basic,1000,2,Yes,Yes,61,6.5,5,9.6,11.9,8,1,Yes,2781
1216,37,Female,Premium,2000,1,No,No,83,2.2,3,2.9,14.2,9,2,Yes,1229
1217,54,Female,VIP,3500,1,Yes,No,76,0.0,4,1.7,1.5,0,2,Yes,3361
1218,56,Female,VIP,3500,7,Yes,Yes,82,7.1,2,1.4,14.3,8,1,Yes,4314
1219,24,Male,Premium,2000,6,Yes,Yes,42,0.4,0,2.7,8.5,9,5,No,3665
1220,50,Female,Premium,2000,3,No,No,43,2.4,4,3.9,1.4,0,1,Yes,1800
1221,37,Male,Premium,2000,1,No,Yes,78,0.7,1,9.5,13.1,9,0,Yes,1976
1222,59,Male,VIP,3500,5,Yes,Yes,58,2.0,2,6.5,11.2,3,0,No,4200
1223,18,Female,Premium,2000,1,Yes,No,31,6.1,0,1.5,1.2,2,5,Yes,2206
1224,28,Male,VIP,3500,7,No,No,37,0.5,4,7.7,10.3,1,0,Yes,2553
1225,26,Male,Basic,1000,1,Yes,No,37,7.2,5,7.4,8.2,7,1,Yes,1718
1226,31,Male,Premium,2000,3,No,No,63,2.1,0,6.6,7.1,10,2,No,1353
1227,27,Female,Basic,1000,1,Yes,No,22,7.9,5,3.9,8.1,5,0,Yes,1567
1228,26,Male,VIP,3500,4,No,Yes,22,8.4,4,1.9,12.8,5,5,Yes,3404
1229,22,Male,Basic,1000,5,Yes,No,22,7.8,1,9.7,2.2,4,1,No,1983
1230,53,Female,VIP,3500,5,No,No,36,2.1,0,2.6,1.6,2,0,No,2546
1231,21,Female,Basic,1000,5,Yes,No,49,5.6,2,0.6,9.2,0,3,No,2293
1232,23,Female,Premium,2000,0,No,Yes,36,1.3,2,5.3,14.2,1,2,Yes,2287
1233,28,Male,Basic,1000,4,Yes,Yes,27,1.2,4,3.6,13.6,7,4,No,2827
1234,46,Female,Premium,2000,4,Yes,No,76,5.9,2,3.7,6.7,2,1,No,2830
1235,24,Male,Premium,2000,7,No,Yes,34,0.4,0,7.7,12.1,8,0,Yes,2513
1236,44,Male,Basic,1000,7,No,No,31,4.9,3,5.2,8.4,8,0,No,1343
1237,41,Female,Basic,1000,2,Yes,Yes,63,7.0,3,0.8,7.9,6,3,Yes,2327
1238,47,Male,Premium,2000,1,Yes,No,66,9.7,2,4.9,3.4,6,1,Yes,2200
1239,19,Male,VIP,3500,6,Yes,No,88,8.6,5,3.6,6.7,6,4,Yes,3415
1240,31,Male,VIP,3500,0,No,Yes,45,6.1,1,8.2,13.8,7,2,Yes,3055
1241,43,Female,Basic,1000,1,No,Yes,87,2.4,1,7.0,7.4,0,0,No,1406
1242,44,Female,Basic,1000,4,No,Yes,28,8.0,0,4.5,7.5,7,0,No,1519
1243,19,Female,VIP,3500,3,Yes,No,20,3.2,5,10.0,1.5,2,0,Yes,3411
1244,50,Male,VIP,3500,4,No,No,87,9.9,5,2.2,1.4,7,4,Yes,2261
1245,44,Female,VIP,3500,4,Yes,No,68,9.6,1,2.2,4.7,0,3,No,3336
1246,33,Male,Basic,1000,5,No,Yes,46,7.4,4,6.7,9.1,9,4,No,1912
1247,46,Male,Basic,1000,4,Yes,No,37,0.3,3,0.5,7.2,8,1,Yes,1910
1248,21,Male,VIP,3500,0,No,Yes,89,9.4,0,2.4,10.4,9,4,Yes,2858
1249,55,Female,Basic,1000,1,Yes,No,22,7.3,4,5.0,9.0,4,5,Yes,1817
1250,22,Female,Premium,2000,4,Yes,Yes,35,4.5,2,5.2,11.2,3,4,No,3697
1251,50,Female,Premium,2000,0,Yes,Yes,23,2.6,0,4.2,5.1,10,0,No,2892
1252,30,Female,VIP,3500,1,No,No,31,7.6,5,0.8,2.8,7,5,Yes,2038
1253,28,Female,VIP,3500,2,No,No,81,6.6,0,2.7,9.0,3,5,No,2463
1254,23,Female,Basic,1000,5,No,Yes,83,9.0,5,2.5,7.6,10,5,Yes,1714
1255,39,Female,Premium,2000,1,No,No,43,2.9,0,8.8,13.9,10,2,Yes,1292
1256,42,Male,VIP,3500,4,No,Yes,54,4.5,2,1.5,6.9,2,4,No,3197
1257,27,Male,Premium,2000,3,No,No,89,5.5,0,5.0,8.8,3,2,No,1572
1258,50,Male,VIP,3500,0,No,Yes,53,4.0,1,9.9,11.4,7,4,Yes,2817
1259,19,Male,Basic,1000,4,Yes,Yes,34,5.9,5,2.5,10.1,9,5,No,2920
1260,31,Female,Basic,1000,3,Yes,No,72,8.9,2,1.9,4.1,4,2,No,1648
1261,43,Female,VIP,3500,0,Yes,No,55,7.5,3,1.4,2.3,1,3,Yes,2816
1262,30,Female,Premium,2000,0,No,No,28,4.7,5,4.8,13.7,1,4,Yes,1132
1263,56,Male,VIP,3500,0,No,No,90,1.5,2,0.8,4.4,8,0,No,2229
1264,38,Male,Premium,2000,6,No,No,88,6.2,1,7.0,8.9,9,4,No,2076
1265,50,Female,VIP,3500,4,Yes,No,63,5.9,2,8.0,1.2,1,4,No,3506
1266,29,Male,VIP,3500,7,No,Yes,68,8.9,0,3.5,1.5,1,3,No,3331
1267,32,Female,Basic,1000,6,No,Yes,72,9.8,5,1.3,8.0,4,2,No,1728
1268,42,Female,Basic,1000,0,Yes,No,37,3.0,4,2.5,1.2,6,3,Yes,1440
1269,53,Female,Premium,2000,7,No,Yes,61,7.9,2,1.6,12.4,4,2,No,2686
1270,49,Female,Premium,2000,0,No,No,60,9.6,1,7.8,12.2,0,3,Yes,1438
1271,41,Female,Premium,2000,6,Yes,Yes,73,3.4,2,0.5,6.2,5,4,No,3517
1272,21,Male,VIP,3500,6,Yes,Yes,35,1.7,2,1.8,11.5,7,3,No,4444
1273,60,Female,Premium,2000,6,Yes,No,28,3.9,0,0.8,4.6,1,0,No,3097
1274,50,Female,VIP,3500,6,Yes,Yes,88,0.2,3,5.9,14.7,7,5,Yes,4486
1275,26,Male,Basic,1000,2,No,No,21,9.3,2,4.5,14.9,6,2,No,826
1276,45,Male,Basic,1000,1,Yes,Yes,46,5.3,1,7.4,13.3,5,1,Yes,2556
1277,55,Female,VIP,3500,0,No,No,41,3.7,2,9.5,3.0,2,0,No,2155
1278,32,Female,Premium,2000,5,No,Yes,24,6.8,3,2.5,10.0,4,5,No,2678
1279,27,Male,Basic,1000,1,Yes,Yes,39,9.3,3,2.9,8.3,7,5,No,2575
1280,23,Female,Premium,2000,6,Yes,Yes,57,6.5,5,7.4,7.6,0,1,No,3684
1281,52,Female,VIP,3500,2,Yes,No,65,7.1,5,5.4,12.1,1,4,No,3492
1282,33,Male,Premium,2000,5,Yes,Yes,69,6.1,1,3.2,8.4,2,2,No,3417
1283,39,Male,Premium,2000,0,Yes,Yes,85,0.7,3,4.4,7.8,8,0,Yes,2976
1284,29,Female,Premium,2000,4,No,No,53,4.3,4,2.1,8.3,5,5,Yes,1708
1285,57,Male,Premium,2000,1,Yes,No,50,6.4,0,1.5,7.1,8,4,Yes,2547
1286,52,Female,VIP,3500,6,Yes,Yes,59,9.9,2,4.8,10.7,7,0,Yes,4430
1287,26,Female,Premium,2000,3,Yes,Yes,89,7.5,3,7.1,3.0,2,1,No,3432
1288,32,Female,Basic,1000,3,Yes,Yes,39,9.8,5,6.6,7.7,6,1,No,2690
1289,31,Male,VIP,3500,0,Yes,Yes,38,1.2,0,0.1,3.8,0,0,Yes,3867
1290,42,Female,Premium,2000,6,Yes,Yes,23,5.1,5,6.0,13.1,10,3,Yes,3462
1291,18,Male,Premium,2000,3,No,No,31,2.9,5,2.4,8.5,5,5,Yes,1783
1292,23,Male,Premium,2000,4,No,Yes,44,3.1,3,8.7,9.0,10,0,Yes,2301
1293,19,Female,Premium,2000,2,Yes,No,55,9.4,5,5.9,6.8,1,2,Yes,2552
1294,20,Female,Premium,2000,6,No,No,31,0.7,5,3.9,5.9,1,5,Yes,2030
1295,32,Female,Basic,1000,7,No,Yes,71,6.1,4,2.7,9.5,0,4,No,1988
1296,53,Male,Premium,2000,6,Yes,No,90,1.4,4,7.3,8.7,6,1,Yes,2835
1297,18,Male,VIP,3500,6,Yes,No,87,10.0,5,6.4,11.8,1,2,Yes,3811
1298,55,Female,Basic,1000,5,No,Yes,78,9.0,0,6.9,3.9,0,0,No,2051
1299,40,Female,VIP,3500,2,No,Yes,58,9.8,4,8.5,11.5,9,2,No,3281
1300,22,Female,Premium,2000,5,No,Yes,78,4.9,2,7.1,10.2,2,3,No,2608
1301,29,Male,Basic,1000,2,No,Yes,71,9.4,3,2.7,2.9,9,3,Yes,1600
1302,22,Female,Basic,1000,4,No,No,36,1.1,4,3.5,4.8,7,0,Yes,1099
1303,50,Male,Basic,1000,2,Yes,No,83,8.3,5,5.7,14.1,0,0,No,1612
1304,39,Female,Premium,2000,0,No,Yes,47,8.3,2,8.5,7.3,2,4,Yes,2086
1305,57,Female,VIP,3500,4,Yes,Yes,31,4.9,5,9.5,12.3,2,1,No,4367
1306,46,Male,Basic,1000,2,No,Yes,69,9.4,4,9.2,12.0,5,0,Yes,1330
1307,40,Male,Basic,1000,1,No,Yes,42,8.4,0,9.8,10.0,5,1,No,1582
1308,20,Female,Basic,1000,7,Yes,Yes,45,0.4,3,0.7,6.7,5,5,Yes,3289
1309,48,Female,VIP,3500,1,No,No,57,2.3,5,1.4,8.7,7,3,Yes,2193
1310,31,Female,Premium,2000,2,No,No,80,7.7,3,8.4,1.8,9,5,Yes,1272
1311,48,Male,Premium,2000,1,Yes,Yes,24,2.6,0,1.5,11.7,10,4,Yes,3250
1312,29,Male,Premium,2000,4,Yes,No,76,2.6,1,3.4,13.8,6,4,Yes,2841
1313,35,Female,Basic,1000,6,No,Yes,90,2.2,5,10.0,13.4,8,4,Yes,1855
1314,29,Female,Basic,1000,6,No,No,37,5.4,2,3.3,7.0,7,2,No,1101
1315,41,Female,VIP,3500,5,No,Yes,66,9.6,1,2.1,3.2,0,4,No,3579
1316,39,Female,Basic,1000,0,No,No,23,6.7,4,1.0,3.9,1,0,Yes,559
1317,42,Male,VIP,3500,0,Yes,No,57,7.0,3,6.8,1.3,2,1,Yes,3007
1318,57,Female,Basic,1000,5,No,Yes,42,10.0,0,6.7,3.1,5,4,No,2092
1319,21,Male,Basic,1000,6,Yes,Yes,60,1.1,1,8.6,14.0,5,5,No,3001
1320,34,Female,VIP,3500,5,Yes,No,56,0.4,3,1.0,6.9,3,1,No,3581
1321,21,Female,VIP,3500,5,Yes,Yes,28,0.5,3,2.9,10.3,3,2,No,4106
1322,31,Male,Basic,1000,4,No,Yes,24,8.8,3,0.5,9.4,4,0,Yes,1653
1323,58,Male,Basic,1000,5,Yes,No,64,7.6,1,9.1,10.4,5,1,Yes,1998
1324,22,Male,Basic,1000,6,No,Yes,22,4.0,3,9.4,13.7,8,0,Yes,1898
1325,46,Female,Premium,2000,0,Yes,No,84,2.7,5,1.3,13.4,3,5,Yes,2434
1326,36,Female,VIP,3500,5,Yes,Yes,20,3.9,3,3.8,12.8,2,2,Yes,4211
1327,28,Female,Basic,1000,1,No,Yes,68,3.1,1,9.0,3.2,1,3,No,1294
1328,55,Male,VIP,3500,2,Yes,Yes,48,3.1,0,0.7,11.2,0,4,Yes,4258
1329,44,Male,Premium,2000,3,Yes,No,85,2.5,0,1.5,13.6,1,3,No,2412
1330,26,Male,Premium,2000,5,No,No,89,4.5,4,8.6,1.8,9,5,Yes,1716
1331,37,Male,Premium,2000,0,Yes,Yes,73,6.7,1,8.0,13.3,2,3,Yes,3066
1332,29,Male,Premium,2000,7,No,Yes,36,0.0,3,1.1,12.1,2,1,No,2781
1333,18,Male,Basic,1000,6,Yes,Yes,41,0.7,4,7.9,8.1,7,5,Yes,2887
1334,54,Male,Premium,2000,1,Yes,No,47,5.4,2,5.5,1.7,9,2,Yes,2337
1335,48,Male,VIP,3500,1,No,Yes,26,7.5,2,9.2,7.4,9,1,Yes,2892
1336,56,Male,VIP,3500,7,Yes,No,62,9.6,2,8.7,10.0,8,1,Yes,3886
1337,48,Male,Basic,1000,0,Yes,Yes,57,5.4,5,9.3,14.7,2,5,No,2130
1338,34,Male,Premium,2000,4,No,No,47,7.3,5,8.6,11.3,1,3,No,1889
1339,41,Male,VIP,3500,0,Yes,Yes,36,0.4,1,9.8,4.5,2,1,No,3666
1340,46,Female,Premium,2000,2,Yes,Yes,67,7.2,0,9.0,11.5,8,0,Yes,3453
1341,21,Female,Premium,2000,6,Yes,Yes,27,3.4,4,2.3,12.5,7,3,Yes,3862
1342,55,Male,VIP,3500,3,Yes,Yes,22,6.5,4,0.9,10.4,10,5,Yes,4052
1343,42,Male,Basic,1000,3,Yes,Yes,53,2.5,5,5.4,4.5,9,3,Yes,2477
1344,54,Male,Basic,1000,1,No,No,21,5.0,2,4.1,13.3,6,3,Yes,785
1345,20,Female,Basic,1000,6,Yes,Yes,85,8.0,2,3.6,4.9,4,2,No,2718
1346,46,Female,Premium,2000,3,No,Yes,48,5.7,2,0.1,9.9,6,1,No,2166
1347,28,Female,Basic,1000,6,Yes,Yes,57,9.7,2,2.2,6.5,2,5,No,3035
1348,53,Female,Premium,2000,2,Yes,Yes,88,7.3,4,9.5,9.5,9,3,Yes,3122
1349,37,Male,VIP,3500,6,No,Yes,45,5.6,1,8.9,10.9,4,3,No,3295
1350,41,Male,Premium,2000,3,Yes,Yes,53,9.5,0,8.1,4.0,1,5,No,3534
1351,60,Female,Premium,2000,0,No,No,67,8.6,5,3.9,10.5,10,2,Yes,1407
1352,47,Female,VIP,3500,4,No,Yes,66,9.7,3,3.7,7.3,4,3,No,3372
1353,56,Female,Basic,1000,6,Yes,No,36,0.8,2,2.9,0.8,0,4,No,2329
1354,57,Female,VIP,3500,1,No,Yes,71,6.0,2,7.9,5.9,6,3,Yes,2928
1355,29,Male,Basic,1000,0,No,No,37,2.4,5,5.9,2.2,2,3,Yes,716
1356,36,Male,VIP,3500,4,Yes,Yes,40,9.4,0,3.0,5.1,4,1,No,4028
1357,46,Female,Basic,1000,7,Yes,Yes,22,0.3,5,6.9,2.3,8,2,No,2872
1358,25,Male,Premium,2000,7,Yes,No,60,1.6,2,8.2,10.0,2,3,No,2958
1359,47,Female,Premium,2000,7,Yes,Yes,83,1.9,1,8.7,14.0,10,0,No,3710
1360,39,Male,Basic,1000,7,No,No,36,5.8,3,6.8,6.4,3,3,Yes,1142
1361,21,Male,VIP,3500,5,Yes,No,88,0.6,2,3.3,8.0,0,0,No,3377
1362,48,Male,VIP,3500,2,Yes,No,43,3.2,5,8.5,3.3,6,0,No,3116
1363,54,Male,Basic,1000,6,Yes,No,41,9.1,1,1.2,6.0,5,2,No,2165
1364,43,Male,VIP,3500,0,Yes,No,51,3.4,5,3.7,9.4,10,5,Yes,2920
1365,27,Male,Basic,1000,7,Yes,Yes,86,6.0,1,0.0,5.8,7,5,No,3257
1366,32,Female,Basic,1000,2,Yes,No,74,0.9,2,9.7,7.3,1,0,No,1735
1367,20,Male,Premium,2000,7,Yes,Yes,45,3.8,0,0.1,2.3,6,0,No,3932
1368,53,Male,VIP,3500,2,Yes,No,75,9.2,2,5.3,4.2,6,3,Yes,3226
1369,34,Male,Basic,1000,3,Yes,Yes,38,9.5,5,5.1,9.7,9,2,Yes,2478
1370,40,Male,VIP,3500,2,Yes,No,71,0.6,1,8.2,9.5,5,1,No,3025
1371,42,Male,VIP,3500,7,Yes,Yes,34,5.3,2,4.0,12.0,4,0,No,4303
1372,49,Female,Basic,1000,4,Yes,No,39,0.1,5,0.7,11.7,2,3,No,1960
1373,36,Female,Basic,1000,7,No,No,28,3.1,2,7.9,1.2,5,2,No,1409
1374,29,Male,Premium,2000,1,No,No,29,0.8,5,3.4,6.7,0,4,No,1146
1375,54,Female,VIP,3500,3,No,No,90,5.0,1,0.6,12.1,2,0,No,2322
1376,28,Male,Basic,1000,7,Yes,Yes,31,1.5,0,9.4,8.8,6,4,No,3072
1377,54,Female,Premium,2000,0,No,Yes,29,1.6,3,8.9,3.9,9,1,Yes,2133
1378,42,Male,Premium,2000,5,No,No,65,2.4,5,9.4,14.1,10,4,No,1857
1379,37,Male,Basic,1000,1,No,No,59,1.9,4,6.7,11.9,10,2,Yes,463
1380,27,Male,Basic,1000,1,Yes,No,23,7.7,3,8.1,4.4,4,4,Yes,1809
1381,36,Female,Basic,1000,0,Yes,Yes,73,9.7,3,4.0,5.0,10,3,Yes,2252
1382,54,Female,VIP,3500,7,No,Yes,73,8.2,3,8.9,6.7,0,2,No,3316
1383,19,Female,Basic,1000,5,No,Yes,80,2.0,4,7.4,14.6,9,3,Yes,2092
1384,47,Female,Basic,1000,1,No,Yes,68,2.2,1,0.5,5.9,7,5,Yes,1388
1385,40,Male,Basic,1000,2,No,No,46,4.3,1,9.9,12.9,9,2,No,817
1386,53,Female,VIP,3500,6,No,No,72,6.6,1,3.0,5.3,4,2,No,2557
1387,34,Male,Premium,2000,1,No,Yes,51,8.3,2,2.8,7.0,3,4,No,2349
1388,44,Female,Basic,1000,2,Yes,Yes,26,5.9,4,4.2,9.3,7,5,No,2594
1389,60,Female,Basic,1000,3,Yes,Yes,21,10.0,4,4.5,1.4,2,0,No,2789
1390,20,Female,Premium,2000,4,No,Yes,56,6.3,3,3.7,7.4,9,1,No,2264
1391,20,Male,Basic,1000,0,No,No,75,8.5,3,9.3,2.7,9,1,Yes,721
1392,19,Male,VIP,3500,5,Yes,Yes,34,2.0,3,3.3,6.2,5,4,No,4300
1393,30,Female,VIP,3500,5,No,Yes,75,9.7,0,9.2,9.3,1,2,No,3382
1394,37,Male,Premium,2000,5,No,No,48,0.8,1,9.3,8.5,0,1,No,1593
1395,30,Female,Basic,1000,2,Yes,Yes,44,3.1,2,1.8,6.4,10,0,Yes,2418
1396,60,Female,VIP,3500,6,No,Yes,24,5.5,5,3.1,10.8,2,4,No,3395
1397,55,Male,Basic,1000,1,No,No,56,0.6,2,1.9,1.0,3,2,Yes,516
1398,52,Female,Basic,1000,2,Yes,No,74,3.9,1,4.5,5.4,2,1,No,1766
1399,27,Male,Basic,1000,2,Yes,Yes,62,4.0,0,2.2,13.2,3,0,No,2429
1400,44,Female,Premium,2000,1,Yes,No,78,3.7,0,4.4,6.7,7,4,Yes,2484
1401,38,Male,VIP,3500,0,Yes,No,67,2.1,0,9.4,3.0,3,5,No,3194
1402,34,Female,Basic,1000,3,Yes,Yes,54,7.2,1,0.5,8.3,7,0,No,2809
1403,55,Male,Basic,1000,7,Yes,Yes,36,2.9,2,0.6,12.3,6,2,No,3079
1404,47,Male,Premium,2000,7,No,No,72,1.1,4,9.4,3.2,4,0,No,2027
1405,52,Male,VIP,3500,7,Yes,No,38,3.4,0,1.8,5.1,0,4,No,3675
1406,42,Female,VIP,3500,4,No,Yes,51,4.9,5,1.9,8.8,1,1,Yes,3043
1407,23,Male,Basic,1000,7,Yes,Yes,64,9.8,4,4.2,13.8,9,0,Yes,3256
1408,22,Female,Basic,1000,7,No,Yes,48,6.0,2,1.0,14.6,9,2,No,1891
1409,56,Female,VIP,3500,1,No,Yes,42,1.8,3,9.5,11.4,3,1,Yes,2793
1410,28,Male,Premium,2000,4,Yes,Yes,34,3.8,3,6.8,10.4,4,4,No,3395
1411,30,Male,VIP,3500,0,Yes,Yes,57,2.9,3,8.8,12.6,4,4,Yes,3855
1412,50,Female,Basic,1000,4,No,Yes,41,0.1,2,6.1,6.0,8,5,No,1813
1413,38,Male,VIP,3500,7,No,No,43,4.0,5,6.6,2.8,9,5,Yes,2619
1414,35,Male,Premium,2000,7,No,No,41,1.6,2,5.7,0.8,1,3,No,1742
1415,27,Male,Basic,1000,5,Yes,Yes,56,1.2,2,9.2,14.3,6,1,Yes,2902
1416,38,Female,VIP,3500,6,Yes,No,51,4.6,5,8.1,9.9,2,4,No,3740
1417,29,Male,Premium,2000,6,Yes,No,53,6.2,0,6.5,8.5,1,1,No,2654
1418,32,Male,Basic,1000,4,Yes,Yes,28,8.2,0,1.8,2.7,2,0,No,2651
1419,50,Male,VIP,3500,5,Yes,No,89,4.2,3,9.9,4.8,0,0,No,3356
1420,51,Female,Premium,2000,0,No,No,59,7.5,5,0.0,12.0,2,4,No,1468
1421,49,Female,VIP,3500,7,Yes,No,86,3.3,5,9.6,9.7,4,3,No,3896
1422,25,Female,VIP,3500,2,Yes,No,43,1.1,1,7.1,6.8,2,1,No,3093
1423,19,Female,VIP,3500,1,Yes,No,40,6.1,4,2.2,14.6,4,5,Yes,3161
1424,54,Male,Basic,1000,7,No,Yes,72,5.9,4,9.8,4.5,8,0,No,2063
1425,30,Male,VIP,3500,0,Yes,Yes,75,4.2,0,7.4,11.3,0,0,Yes,4079
1426,30,Male,VIP,3500,5,Yes,No,44,8.7,0,3.2,1.2,2,2,No,3571
1427,33,Male,Premium,2000,2,No,Yes,27,0.6,3,5.3,6.8,7,3,No,2439
1428,32,Male,VIP,3500,3,No,Yes,47,8.1,3,9.0,1.7,5,5,Yes,3223
1429,52,Female,Basic,1000,6,No,Yes,51,4.3,2,9.7,2.1,1,1,No,1958
1430,28,Male,Basic,1000,2,Yes,Yes,64,9.0,3,7.4,11.1,1,4,Yes,2662
1431,19,Female,Premium,2000,7,No,Yes,25,4.2,5,7.2,12.5,2,0,No,2978
1432,52,Male,VIP,3500,4,Yes,Yes,36,4.7,3,9.6,2.2,8,5,Yes,4496
1433,55,Female,VIP,3500,3,No,No,83,1.8,5,0.2,10.9,2,5,Yes,2288
1434,43,Female,Basic,1000,5,Yes,Yes,61,4.5,2,6.2,9.1,2,2,No,2908
1435,35,Female,VIP,3500,0,No,No,37,5.8,4,0.2,4.4,7,1,Yes,2010
1436,45,Female,Basic,1000,7,No,No,22,5.6,4,7.8,7.1,10,5,Yes,1286
1437,40,Female,Premium,2000,4,Yes,Yes,84,8.5,0,4.1,4.0,7,4,No,3375
1438,31,Female,VIP,3500,1,No,No,88,0.3,2,3.2,12.0,2,5,No,2312
1439,43,Male,Premium,2000,2,Yes,Yes,40,4.0,3,0.4,6.3,8,4,No,3009
1440,52,Male,Premium,2000,4,No,Yes,48,0.0,4,5.7,3.3,10,0,Yes,2356
1441,60,Male,VIP,3500,7,No,Yes,90,3.5,1,0.1,13.9,7,2,No,3324
1442,18,Male,Basic,1000,5,No,No,33,5.9,4,3.6,3.4,5,3,Yes,1085
1443,34,Male,Premium,2000,4,No,No,26,5.0,3,9.1,13.7,10,0,Yes,1482
1444,44,Male,Basic,1000,1,Yes,No,67,8.9,0,0.5,4.4,4,2,No,1529
1445,26,Male,Premium,2000,7,No,No,74,5.6,3,8.2,5.9,4,0,No,2103
1446,26,Male,Premium,2000,5,No,No,37,3.2,3,7.7,3.2,2,0,No,1669
1447,33,Male,VIP,3500,4,No,Yes,53,5.0,3,9.0,4.9,4,5,No,3190
1448,56,Male,VIP,3500,6,No,Yes,32,8.5,1,5.3,5.0,7,0,No,3347
1449,39,Female,Basic,1000,1,Yes,Yes,20,7.4,3,1.3,3.2,1,0,No,2598
1450,48,Male,VIP,3500,2,No,No,40,4.3,2,5.4,8.4,3,4,No,2164
1451,38,Female,Basic,1000,2,No,Yes,64,1.4,2,1.0,2.2,8,2,No,1614
1452,23,Female,Basic,1000,0,No,Yes,87,8.5,0,3.6,9.2,4,3,No,1237
1453,48,Male,Premium,2000,3,No,Yes,58,4.4,4,7.3,12.9,4,0,No,2532
1454,47,Male,Premium,2000,4,No,Yes,53,2.9,4,2.0,5.3,7,4,Yes,2313
1455,30,Male,VIP,3500,3,No,Yes,28,6.9,1,8.3,8.1,9,1,No,2919
1456,50,Female,VIP,3500,2,Yes,No,42,4.8,3,2.0,4.6,8,3,Yes,3350
1457,22,Female,Basic,1000,1,No,No,72,3.3,5,2.1,5.2,3,3,No,801
1458,50,Male,Basic,1000,1,No,No,81,1.9,2,8.7,7.7,7,3,No,877
1459,28,Female,VIP,3500,1,No,Yes,46,8.1,1,5.9,8.8,6,5,No,2834
1460,39,Male,VIP,3500,0,Yes,Yes,26,5.3,4,3.4,3.8,0,4,No,4026
1461,39,Male,Basic,1000,1,No,No,56,1.7,2,3.9,11.2,8,4,Yes,784
1462,60,Female,VIP,3500,5,No,Yes,67,8.2,3,3.3,10.8,5,4,Yes,3365
1463,25,Male,Basic,1000,2,Yes,No,79,7.3,4,6.6,10.1,10,0,No,1653
1464,51,Male,VIP,3500,7,Yes,No,21,9.3,4,5.3,13.8,4,2,No,3904
1465,35,Male,Premium,2000,7,Yes,No,86,1.0,1,7.3,9.8,3,4,No,3085
1466,45,Male,Basic,1000,3,No,Yes,55,9.5,2,5.8,13.4,0,5,No,1736
1467,54,Male,Basic,1000,7,No,Yes,67,3.2,4,8.6,13.9,9,1,Yes,2204
1468,41,Male,VIP,3500,5,Yes,No,21,7.7,5,3.2,2.3,6,0,No,3362
1469,25,Male,VIP,3500,1,Yes,Yes,88,1.3,4,9.8,5.0,10,2,Yes,3824
1470,45,Male,VIP,3500,0,No,Yes,84,7.2,0,2.8,1.4,2,2,Yes,2836
1471,31,Female,Basic,1000,5,No,Yes,68,7.6,1,9.2,1.6,5,4,No,1805
1472,54,Male,Basic,1000,5,Yes,Yes,20,6.3,4,3.2,13.2,6,0,Yes,3089
1473,36,Female,VIP,3500,3,Yes,No,69,8.2,1,5.8,8.7,5,2,No,3159
1474,24,Female,Premium,2000,3,No,Yes,37,8.4,1,4.7,3.1,0,1,No,2315
1475,59,Female,Premium,2000,0,No,Yes,57,1.8,0,3.8,4.2,1,5,No,1839
1476,20,Male,VIP,3500,7,No,Yes,62,5.4,5,9.2,6.4,4,0,No,3793
1477,25,Male,Basic,1000,0,Yes,No,47,0.1,1,4.9,3.5,2,4,No,1434
1478,58,Female,VIP,3500,4,No,Yes,87,7.5,1,5.9,12.0,0,4,No,3408
1479,20,Female,Premium,2000,6,No,Yes,42,1.7,4,7.6,4.5,9,4,Yes,2538
1480,38,Female,Basic,1000,3,No,No,37,8.5,0,4.5,13.4,0,5,No,1012
1481,53,Male,Basic,1000,6,No,Yes,45,3.1,1,5.9,11.5,1,4,No,1980
1482,48,Female,VIP,3500,5,Yes,Yes,47,4.0,3,4.5,12.5,1,1,No,4409
1483,18,Male,Premium,2000,3,No,Yes,43,5.4,3,1.3,4.3,2,0,No,2134
1484,59,Male,Basic,1000,1,Yes,No,77,4.6,0,2.7,4.6,0,0,No,1653
1485,55,Female,Basic,1000,3,Yes,No,67,10.0,1,8.4,9.8,0,4,No,1915
1486,37,Male,VIP,3500,2,Yes,No,89,9.5,0,5.9,11.2,7,1,No,3130
1487,54,Female,Basic,1000,2,Yes,No,30,9.9,2,7.9,3.2,0,2,No,1855
1488,59,Male,Basic,1000,6,Yes,Yes,88,8.3,0,0.4,4.9,8,3,Yes,2895
1489,31,Male,Premium,2000,0,Yes,No,77,6.9,1,0.6,14.0,0,0,Yes,2399
1490,33,Female,Premium,2000,2,Yes,No,45,4.1,4,5.8,0.6,7,3,No,2215
1491,21,Male,Premium,2000,3,Yes,No,21,0.3,3,2.2,7.2,3,0,No,2387
1492,28,Male,Basic,1000,3,No,Yes,85,4.7,0,6.6,7.7,2,0,No,1821
1493,34,Female,VIP,3500,4,No,Yes,83,1.1,1,5.5,14.9,1,3,No,3232
1494,34,Female,Basic,1000,6,Yes,Yes,48,7.6,2,8.6,14.0,2,1,No,2747
1495,59,Female,Basic,1000,2,No,Yes,47,9.1,2,7.6,2.6,10,5,Yes,1439
1496,37,Female,Premium,2000,2,No,Yes,46,6.7,3,6.4,5.6,1,1,No,2240
1497,44,Male,VIP,3500,7,No,Yes,37,2.7,2,8.3,5.7,8,2,Yes,3318
1498,26,Male,Basic,1000,1,No,Yes,41,8.1,4,8.8,14.9,4,5,Yes,1474
1499,44,Female,Premium,2000,6,No,Yes,47,4.6,0,9.1,7.8,4,2,No,2412
1500,50,Male,Premium,2000,1,Yes,Yes,82,2.9,4,1.3,6.8,0,0,Yes,3277
1501,51,Male,Premium,2000,2,Yes,No,49,2.8,2,5.1,4.4,0,4,No,2314
1502,54,Female,Premium,2000,4,No,Yes,38,7.1,0,1.7,15.0,3,5,No,2551
1503,27,Male,Premium,2000,5,Yes,Yes,47,0.0,0,0.2,8.0,3,2,No,3506
1504,47,Male,VIP,3500,1,Yes,Yes,86,5.2,4,10.0,2.3,1,3,No,3711
1505,55,Male,Premium,2000,2,Yes,Yes,83,2.0,3,7.4,8.9,8,4,No,3378
1506,57,Male,Premium,2000,0,No,No,89,9.9,0,9.4,13.1,8,3,Yes,1132
1507,42,Male,Basic,1000,0,Yes,No,48,2.5,0,8.9,11.0,3,3,Yes,1349
1508,51,Male,Premium,2000,1,No,No,62,5.0,4,9.6,5.0,0,1,Yes,1512
1509,60,Male,Basic,1000,5,Yes,No,50,2.8,3,0.3,5.2,9,4,Yes,1945
1510,55,Female,Premium,2000,6,No,Yes,26,1.0,4,1.4,13.3,0,1,No,2676
1511,23,Male,Basic,1000,3,No,No,20,1.5,3,1.4,8.2,8,0,Yes,952
1512,38,Male,Premium,2000,3,No,Yes,72,3.1,1,3.4,7.1,0,2,No,2417
1513,24,Male,VIP,3500,5,Yes,Yes,73,9.4,5,1.8,9.7,5,2,No,4246
1514,60,Female,Basic,1000,0,Yes,No,42,2.2,2,4.3,0.8,1,1,No,1567
1515,27,Female,Basic,1000,0,Yes,Yes,45,9.8,1,5.7,14.9,10,3,Yes,2145
1516,26,Male,VIP,3500,4,No,Yes,83,7.4,3,7.5,3.8,4,2,No,3023
1517,37,Male,Basic,1000,7,No,Yes,58,3.8,0,1.1,1.8,3,0,No,2168
1518,58,Male,VIP,3500,4,No,Yes,53,2.3,4,9.6,1.7,6,4,Yes,3481
1519,38,Male,VIP,3500,2,No,Yes,70,4.5,0,5.1,12.8,6,2,No,3200
1520,43,Male,Basic,1000,4,Yes,No,72,8.5,3,5.1,12.7,9,2,Yes,2124
1521,23,Male,VIP,3500,0,Yes,No,21,0.4,0,8.1,4.9,9,3,No,3298
1522,27,Male,Basic,1000,5,No,Yes,59,0.5,5,4.2,11.2,6,4,Yes,1656
1523,27,Male,Premium,2000,6,No,No,40,3.6,4,7.9,0.7,6,5,No,2010
1524,36,Male,Basic,1000,1,No,Yes,89,5.5,4,1.5,4.1,10,3,Yes,1315
1525,39,Female,VIP,3500,2,Yes,No,73,5.4,3,4.1,13.1,0,2,No,3418
1526,24,Male,Basic,1000,1,Yes,No,59,2.0,5,2.8,12.1,2,1,Yes,1460
1527,43,Male,Premium,2000,6,Yes,Yes,83,1.4,5,7.3,13.1,6,0,No,3503
1528,28,Male,VIP,3500,3,Yes,No,90,8.3,4,6.0,14.4,1,0,No,3116
1529,18,Male,Premium,2000,7,Yes,Yes,33,7.5,3,7.5,9.1,7,5,Yes,3523
1530,24,Female,Basic,1000,5,Yes,No,32,5.8,2,8.5,9.7,8,2,No,2271
1531,18,Male,Basic,1000,3,No,No,48,3.4,1,7.1,0.8,2,4,No,1044
1532,46,Male,Premium,2000,2,No,Yes,49,4.7,3,1.1,0.9,8,0,No,2240
1533,27,Male,Basic,1000,6,No,No,82,7.7,4,2.0,5.4,3,0,No,1114
1534,53,Male,Basic,1000,2,No,Yes,90,3.7,2,4.7,14.6,0,0,Yes,1431
1535,60,Female,Basic,1000,2,Yes,No,43,1.6,0,3.9,1.1,6,4,No,1695
1536,53,Female,Premium,2000,4,No,No,22,3.9,3,6.8,5.7,6,4,No,1525
1537,54,Female,VIP,3500,2,Yes,No,27,7.4,3,8.9,12.4,6,0,Yes,3475
1538,18,Male,Basic,1000,5,Yes,No,40,2.8,1,7.0,10.6,9,4,No,2095
1539,26,Female,VIP,3500,4,Yes,Yes,23,0.1,0,7.4,9.2,1,0,No,4117
1540,20,Male,Basic,1000,5,Yes,No,80,7.2,5,5.5,6.1,4,3,No,1925
1541,32,Female,Basic,1000,4,Yes,Yes,20,3.3,0,8.8,4.5,7,3,Yes,2579
1542,49,Female,Basic,1000,5,No,Yes,90,3.4,5,7.6,13.0,2,4,No,2063
1543,46,Female,Premium,2000,1,Yes,Yes,67,7.7,3,5.1,5.4,4,1,Yes,3380
1544,58,Male,VIP,3500,7,Yes,Yes,69,0.2,2,7.9,6.8,5,2,No,4536
1545,47,Male,Basic,1000,5,Yes,No,33,0.3,1,0.6,7.8,1,2,No,1934
1546,59,Female,VIP,3500,3,No,Yes,47,1.0,2,3.1,3.8,0,1,No,3051
1547,22,Female,VIP,3500,5,No,Yes,69,0.5,4,1.7,4.3,6,5,Yes,3175
1548,46,Male,VIP,3500,4,Yes,No,73,4.3,1,0.1,10.0,6,5,Yes,3444
1549,22,Male,Premium,2000,3,No,No,73,6.9,2,6.0,3.7,8,3,No,1727
1550,48,Male,Premium,2000,0,No,No,49,1.8,5,3.3,5.9,3,2,Yes,1403
1551,19,Male,Premium,2000,3,No,Yes,61,6.0,3,4.3,4.2,0,2,Yes,2435
1552,38,Female,Premium,2000,0,No,No,83,7.1,2,2.5,6.8,1,4,No,1014
1553,33,Female,Basic,1000,2,No,Yes,71,7.5,1,4.6,3.5,0,5,No,1783
1554,59,Male,Premium,2000,1,Yes,Yes,79,8.3,5,8.9,6.7,1,3,Yes,2984
1555,21,Female,Basic,1000,5,Yes,No,54,8.4,3,5.8,3.9,5,1,No,2227
1556,45,Male,Basic,1000,2,Yes,Yes,43,7.5,4,7.9,0.7,4,1,No,2437
1557,49,Male,Basic,1000,6,Yes,Yes,77,4.6,0,9.2,12.2,1,3,No,2928
1558,20,Female,VIP,3500,0,Yes,No,45,2.1,3,8.4,3.2,4,3,Yes,3236
1559,25,Female,Basic,1000,4,No,No,50,9.2,0,5.4,14.4,0,5,No,1175
1560,38,Female,Basic,1000,2,No,No,33,7.0,1,7.4,3.8,7,5,Yes,888
1561,49,Male,VIP,3500,1,Yes,Yes,69,2.2,5,0.5,14.6,9,3,Yes,4125
1562,45,Female,Premium,2000,6,No,Yes,78,8.6,4,6.4,5.7,3,4,No,2719
1563,58,Female,Basic,1000,7,Yes,No,58,8.2,3,7.5,14.9,6,0,Yes,2279
1564,18,Male,VIP,3500,2,Yes,Yes,43,7.7,2,7.8,14.2,3,4,Yes,3932
1565,52,Male,VIP,3500,3,Yes,Yes,64,9.6,1,2.1,0.6,2,1,No,3920
1566,27,Female,VIP,3500,5,No,Yes,34,6.2,5,2.3,5.4,5,5,No,3117
1567,32,Female,VIP,3500,4,Yes,Yes,51,1.9,1,2.9,4.1,2,4,No,4003
1568,52,Male,Premium,2000,3,Yes,Yes,54,7.5,0,1.6,8.9,7,2,No,3301
1569,38,Male,Basic,1000,1,Yes,Yes,83,4.0,0,4.8,5.0,5,2,Yes,2664
1570,18,Female,Basic,1000,4,Yes,Yes,77,3.4,0,5.9,3.1,7,0,No,2551
1571,48,Female,Basic,1000,6,Yes,No,55,4.7,1,6.7,7.9,6,2,No,2359
1572,27,Male,VIP,3500,6,Yes,No,49,0.3,4,5.9,10.1,8,2,Yes,3470
1573,35,Male,Basic,1000,2,Yes,Yes,65,6.9,2,3.5,5.1,4,1,No,2371
1574,24,Male,Premium,2000,3,Yes,No,82,9.2,3,6.4,4.3,9,1,Yes,2679
1575,34,Male,Basic,1000,1,Yes,No,61,7.0,4,7.9,9.1,0,2,No,1647
1576,49,Male,Premium,2000,7,No,Yes,46,8.8,1,5.9,14.8,6,2,Yes,2946
1577,57,Male,Basic,1000,5,No,No,75,2.7,4,3.3,7.8,5,5,No,898
1578,52,Male,Premium,2000,6,No,Yes,71,7.9,0,7.4,4.4,7,1,No,2798
1579,28,Female,Premium,2000,3,No,No,30,7.9,3,1.7,2.8,2,2,Yes,1354
1580,52,Male,Premium,2000,6,Yes,No,77,1.7,3,1.9,11.5,2,5,Yes,3035
1581,28,Male,Basic,1000,4,Yes,No,42,5.9,0,6.1,10.0,6,1,No,1927
1582,20,Male,Premium,2000,6,Yes,No,63,8.3,0,9.6,5.7,3,1,No,3028
1583,36,Male,Basic,1000,3,Yes,Yes,30,5.7,1,3.7,3.4,9,1,Yes,2552
1584,47,Male,Basic,1000,3,No,Yes,25,4.2,0,9.3,2.6,7,5,Yes,1604
1585,35,Female,Basic,1000,6,Yes,No,75,8.7,3,2.8,10.8,5,0,Yes,2066
1586,32,Female,Basic,1000,3,No,No,31,4.4,3,6.6,12.9,10,0,Yes,1044
1587,30,Female,Basic,1000,0,No,No,31,9.6,2,1.4,3.4,1,3,Yes,760
1588,36,Male,VIP,3500,3,No,Yes,79,4.7,3,5.2,7.4,6,0,Yes,3254
1589,31,Female,VIP,3500,4,Yes,Yes,55,8.8,0,4.7,12.9,1,4,No,4010
1590,23,Female,VIP,3500,3,Yes,No,43,0.4,1,2.9,3.7,4,2,No,3139
1591,49,Male,Basic,1000,4,No,No,62,8.0,4,8.2,8.8,7,4,No,705
1592,28,Female,Premium,2000,5,Yes,No,37,4.2,4,0.4,10.5,2,1,No,2875
1593,35,Male,VIP,3500,0,Yes,No,49,5.0,2,6.3,5.0,4,1,Yes,3171
1594,35,Male,Premium,2000,0,Yes,Yes,81,5.3,2,6.7,1.2,7,5,Yes,3177
1595,24,Female,Basic,1000,7,No,No,47,4.6,3,7.3,1.7,7,5,No,1179
1596,44,Female,Premium,2000,7,Yes,No,49,4.0,0,3.7,4.8,1,4,No,2964
1597,56,Male,Basic,1000,2,No,No,41,5.8,0,0.1,8.0,5,0,No,832
1598,53,Female,Basic,1000,4,Yes,No,72,7.5,3,0.3,13.5,3,5,Yes,1836
1599,45,Male,Basic,1000,0,No,No,76,6.7,0,8.2,7.3,1,4,No,393
1600,29,Female,Premium,2000,7,No,Yes,22,7.7,3,5.1,7.9,5,1,No,2668
1601,56,Male,Premium,2000,7,Yes,No,46,3.0,1,7.0,10.6,8,3,No,2712
1602,38,Female,Basic,1000,4,Yes,Yes,35,6.9,0,2.6,12.9,6,5,No,2779
1603,43,Female,Basic,1000,6,No,Yes,43,8.4,0,4.0,2.9,10,0,No,2183
1604,55,Male,VIP,3500,1,Yes,No,35,5.6,3,7.0,14.5,3,1,Yes,3134
1605,18,Female,Premium,2000,4,Yes,No,57,1.6,1,7.2,9.1,10,5,Yes,2852
1606,23,Male,Premium,2000,4,Yes,Yes,56,3.6,4,6.1,6.6,0,3,No,3232
1607,57,Female,VIP,3500,7,Yes,Yes,67,2.6,4,5.3,14.4,4,1,No,4562
1608,35,Male,Basic,1000,2,Yes,No,88,1.1,3,5.0,13.9,6,5,Yes,1828
1609,35,Male,VIP,3500,1,No,Yes,33,3.8,2,8.8,8.9,10,1,No,3034
1610,50,Male,Premium,2000,0,Yes,No,25,1.1,0,9.4,14.7,6,5,Yes,2228
1611,21,Male,Basic,1000,0,Yes,No,40,4.0,4,1.7,14.2,8,1,Yes,1694
1612,36,Female,VIP,3500,5,Yes,Yes,78,1.5,4,6.6,14.5,9,1,Yes,4339
1613,58,Female,Basic,1000,1,No,Yes,74,9.4,5,1.1,9.2,6,0,Yes,1441
1614,43,Female,Basic,1000,0,Yes,Yes,22,2.4,0,4.6,9.7,2,3,Yes,2561
1615,34,Female,Premium,2000,3,No,No,43,6.4,2,10.0,10.4,7,0,Yes,1305
1616,36,Male,Premium,2000,2,No,Yes,72,6.0,4,0.9,13.9,3,3,Yes,2004
1617,29,Female,VIP,3500,7,No,Yes,51,6.1,5,7.6,0.5,4,1,No,3368
1618,37,Male,Premium,2000,5,Yes,No,52,5.0,0,7.0,12.3,5,2,No,2997
1619,33,Female,VIP,3500,4,Yes,Yes,65,8.7,4,4.5,7.7,8,2,Yes,4364
1620,43,Female,Basic,1000,3,Yes,Yes,74,0.4,3,8.1,9.3,9,4,Yes,2699
1621,22,Male,Premium,2000,4,No,Yes,37,7.5,2,1.9,8.1,2,1,No,2488
1622,57,Male,Basic,1000,6,No,No,29,9.7,4,5.8,3.1,5,3,No,1202
1623,56,Male,VIP,3500,3,Yes,No,90,7.3,3,5.6,7.2,7,3,No,3290
1624,45,Male,Premium,2000,1,Yes,No,87,1.7,4,9.5,12.2,9,1,Yes,2202
1625,56,Male,VIP,3500,1,Yes,Yes,71,0.1,0,9.0,4.7,0,5,No,4057
1626,47,Female,Basic,1000,1,No,Yes,24,8.7,5,9.4,1.5,4,0,Yes,1464
1627,54,Female,Premium,2000,2,No,Yes,24,5.9,4,4.3,5.2,10,3,Yes,2380
1628,60,Male,Premium,2000,0,No,Yes,27,5.2,1,3.4,3.9,9,3,No,2019
1629,56,Male,VIP,3500,4,No,Yes,89,9.2,0,6.5,12.9,6,4,Yes,3002
1630,23,Female,VIP,3500,5,Yes,Yes,77,6.2,3,1.0,8.1,9,2,No,4178
1631,59,Female,Basic,1000,4,Yes,No,82,2.6,5,1.6,3.8,1,5,Yes,2038
1632,57,Female,Premium,2000,1,Yes,Yes,83,4.9,1,6.4,1.6,5,0,Yes,2944
1633,54,Male,Basic,1000,2,No,Yes,45,5.2,1,2.1,1.1,4,5,No,1450
1634,37,Female,Premium,2000,4,Yes,No,83,4.3,3,7.5,8.3,2,1,No,2433
1635,18,Female,Premium,2000,5,Yes,Yes,80,6.3,5,5.6,11.8,5,0,Yes,3422
1636,60,Male,VIP,3500,5,Yes,No,65,3.8,2,0.4,12.3,8,2,No,3476
1637,40,Male,VIP,3500,1,No,No,53,2.7,4,3.9,5.8,9,5,Yes,2103
1638,21,Female,Premium,2000,0,Yes,No,21,5.9,0,7.2,5.1,4,0,No,2009
1639,33,Male,Basic,1000,1,Yes,Yes,68,3.9,1,7.7,11.2,0,1,Yes,2668
1640,52,Female,VIP,3500,4,Yes,No,88,5.4,1,3.9,2.8,5,0,No,3395
1641,36,Female,VIP,3500,3,Yes,Yes,63,7.2,1,2.0,14.0,9,3,Yes,4335
1642,19,Male,Premium,2000,7,Yes,No,25,6.0,0,9.8,10.9,9,5,No,2976
1643,58,Female,Basic,1000,1,Yes,Yes,38,8.1,3,1.0,5.4,4,4,Yes,2224
1644,39,Male,Premium,2000,3,Yes,Yes,34,5.9,3,0.3,14.9,10,5,No,3175
1645,19,Female,Basic,1000,7,Yes,No,81,9.5,2,7.1,4.8,0,4,No,2347
1646,26,Male,Basic,1000,7,Yes,No,69,7.5,4,5.7,11.1,9,2,Yes,2405
1647,49,Female,Premium,2000,2,No,Yes,51,3.3,4,3.8,0.5,3,0,Yes,2196
1648,22,Female,Basic,1000,2,No,No,77,0.1,3,5.2,1.2,0,3,Yes,702
1649,43,Male,Premium,2000,0,No,Yes,36,7.3,5,0.9,9.7,4,0,Yes,2100
1650,25,Male,Basic,1000,0,Yes,Yes,27,8.1,1,6.4,2.6,2,0,No,2273
1651,28,Male,Premium,2000,5,No,No,49,8.6,4,6.5,3.2,6,0,Yes,1866
1652,52,Female,Basic,1000,2,No,No,83,9.3,5,3.2,12.3,10,4,No,522
1653,38,Female,VIP,3500,4,No,No,48,5.1,0,5.6,9.6,1,5,No,2399
1654,40,Female,VIP,3500,3,No,No,62,4.0,3,1.6,2.9,10,2,Yes,2352
1655,57,Female,Basic,1000,5,No,No,21,2.3,3,1.0,6.6,2,2,No,815
1656,46,Male,Premium,2000,7,Yes,No,71,0.2,1,3.5,14.9,5,4,No,2736
1657,41,Male,VIP,3500,0,Yes,No,49,6.8,5,9.5,6.6,1,2,Yes,2977
1658,51,Female,VIP,3500,0,No,Yes,42,2.6,0,2.1,9.1,4,3,No,2628
1659,42,Female,VIP,3500,5,Yes,Yes,60,6.9,3,5.8,5.1,7,0,Yes,4476
1660,23,Female,Premium,2000,4,No,Yes,74,3.3,0,5.5,3.3,5,5,No,2335
1661,58,Female,Premium,2000,0,No,No,26,7.7,1,9.9,10.6,7,5,Yes,1135
1662,33,Male,VIP,3500,1,Yes,Yes,23,6.0,3,4.9,3.6,2,5,No,4057
1663,48,Male,VIP,3500,2,Yes,No,57,2.6,1,8.7,13.9,5,1,No,3417
1664,43,Female,Premium,2000,2,No,Yes,76,4.7,1,6.2,10.8,3,5,No,2173
1665,59,Male,Basic,1000,2,Yes,Yes,22,5.8,2,6.9,0.5,6,4,Yes,2689
1666,29,Female,Premium,2000,2,Yes,No,83,6.6,4,5.9,2.7,9,0,No,2447
1667,39,Female,Basic,1000,5,No,No,36,9.0,0,9.1,6.9,6,4,No,1118
1668,22,Male,VIP,3500,3,Yes,Yes,20,7.2,3,7.9,14.8,3,5,Yes,4296
1669,45,Male,Basic,1000,7,No,No,79,2.2,0,4.1,11.0,0,3,No,1152
1670,48,Male,Premium,2000,0,Yes,No,26,2.4,0,3.4,5.0,9,4,No,2069
1671,58,Female,Basic,1000,0,No,No,26,1.3,3,2.7,10.3,6,3,Yes,487
1672,50,Male,Premium,2000,7,No,Yes,67,5.7,0,8.4,6.7,2,0,No,2625
1673,43,Male,VIP,3500,5,No,No,72,7.3,2,5.7,4.4,9,3,No,2406
1674,24,Male,VIP,3500,7,No,Yes,52,6.0,5,5.1,1.0,9,2,No,3307
1675,36,Male,Basic,1000,6,No,No,47,1.3,5,2.2,9.1,6,0,Yes,980
1676,53,Male,VIP,3500,1,No,No,63,2.3,0,0.0,1.6,10,3,Yes,2257
1677,28,Male,Basic,1000,4,No,No,42,8.3,5,1.6,6.3,7,5,Yes,951
1678,22,Male,Basic,1000,3,No,No,27,3.3,4,9.7,4.7,6,4,Yes,957
1679,22,Male,VIP,3500,4,No,No,59,4.7,4,6.0,14.6,4,3,Yes,2547
1680,38,Female,VIP,3500,7,No,No,44,8.8,4,2.4,0.6,9,3,Yes,2702
1681,25,Male,VIP,3500,0,Yes,No,30,3.8,1,0.1,6.6,5,2,No,3150
1682,50,Female,Premium,2000,5,No,No,61,3.3,2,8.9,5.6,2,2,No,1640
1683,18,Male,Basic,1000,6,No,No,86,7.9,3,8.1,12.9,4,5,Yes,936
1684,44,Female,Premium,2000,4,No,Yes,39,1.8,2,8.6,4.3,8,4,No,2677
1685,36,Male,Basic,1000,3,Yes,No,88,10.0,0,5.1,3.9,5,3,No,1973
1686,22,Female,Basic,1000,3,No,Yes,25,8.8,2,8.1,4.4,3,4,No,1431
1687,29,Male,VIP,3500,5,Yes,Yes,23,9.8,2,7.5,3.6,10,4,Yes,4494
1688,45,Male,VIP,3500,7,No,No,37,8.4,2,9.9,8.6,1,1,No,2812
1689,35,Male,Premium,2000,5,Yes,No,46,3.5,3,7.5,7.6,8,0,Yes,2755
1690,58,Male,VIP,3500,4,Yes,No,90,0.5,5,9.8,0.5,9,2,Yes,3533
1691,20,Male,Basic,1000,5,Yes,No,86,2.8,0,4.7,12.7,2,0,No,2088
1692,46,Female,Premium,2000,4,No,No,66,6.1,0,6.6,1.5,6,5,Yes,1865
1693,51,Male,Basic,1000,0,Yes,No,86,8.7,5,5.1,14.1,1,4,Yes,1425
1694,59,Male,Basic,1000,6,Yes,No,90,3.8,4,7.6,2.9,6,3,Yes,2164
1695,31,Male,Premium,2000,3,Yes,No,71,1.8,4,2.1,14.5,10,0,Yes,2715
1696,51,Male,Premium,2000,2,No,Yes,68,8.2,2,5.6,6.5,8,4,No,2477
1697,44,Male,Basic,1000,2,No,Yes,48,6.5,0,4.5,7.8,9,0,No,1752
1698,28,Male,Premium,2000,0,Yes,No,60,8.2,5,5.4,9.7,0,5,No,2143
1699,47,Female,VIP,3500,5,No,Yes,76,4.2,2,3.1,9.1,1,4,No,3450
1700,20,Female,VIP,3500,3,No,Yes,65,5.8,2,4.9,1.3,9,2,No,3211
1701,58,Female,Basic,1000,6,Yes,No,90,5.1,3,2.1,0.8,2,0,No,2104
1702,23,Male,Basic,1000,6,Yes,Yes,34,9.4,5,6.0,9.7,5,5,Yes,3149
1703,52,Male,Basic,1000,6,Yes,Yes,23,6.5,3,0.1,6.3,9,0,No,2724
1704,47,Male,Basic,1000,7,Yes,Yes,69,5.5,1,2.2,13.6,8,5,No,3023
1705,60,Female,VIP,3500,7,Yes,Yes,60,0.4,3,3.3,7.9,6,4,No,4742
1706,32,Male,Premium,2000,5,No,Yes,82,4.4,5,1.0,3.0,10,1,Yes,2468
1707,39,Male,VIP,3500,5,No,Yes,65,1.3,0,5.2,9.5,10,5,Yes,3240
1708,35,Female,Basic,1000,4,No,Yes,33,9.7,2,0.6,13.4,0,5,No,1552
1709,27,Male,VIP,3500,5,Yes,Yes,71,5.4,3,1.1,9.6,6,4,No,4480
1710,20,Female,Premium,2000,7,Yes,Yes,49,6.4,2,8.0,9.6,5,3,No,3634
1711,44,Female,VIP,3500,4,Yes,Yes,74,7.3,3,9.5,12.3,1,3,Yes,4068
1712,57,Female,Premium,2000,3,No,Yes,35,3.6,3,3.7,10.7,2,4,No,2442
1713,27,Female,Basic,1000,1,No,Yes,24,1.4,0,3.3,5.8,10,2,Yes,1620
1714,32,Male,Basic,1000,4,Yes,No,67,0.7,2,6.3,4.2,3,4,No,1899
1715,19,Female,Basic,1000,4,No,No,80,7.1,3,1.8,2.3,10,4,Yes,845
1716,59,Male,VIP,3500,7,No,Yes,74,0.6,0,3.4,14.3,2,0,No,3348
1717,43,Male,VIP,3500,4,Yes,Yes,58,8.4,5,4.8,10.6,0,5,No,4418
1718,53,Male,VIP,3500,7,No,No,23,7.4,1,5.9,10.9,2,4,No,2840
1719,58,Male,Basic,1000,0,Yes,No,64,9.7,5,0.3,11.0,9,3,Yes,1395
1720,25,Male,Premium,2000,6,No,No,35,6.0,3,9.9,6.5,1,0,Yes,1760
1721,43,Male,Premium,2000,2,Yes,Yes,36,1.3,5,9.8,4.4,9,4,Yes,3460
1722,31,Female,Premium,2000,3,No,No,65,6.2,0,0.9,13.0,9,0,Yes,1625
1723,37,Female,Premium,2000,1,No,No,23,6.2,1,2.5,12.9,1,3,Yes,1302
1724,41,Female,Premium,2000,2,No,Yes,34,5.5,1,4.9,2.4,3,0,No,2400
1725,40,Female,VIP,3500,5,No,Yes,43,4.9,3,3.8,13.3,1,2,No,3113
1726,31,Female,Basic,1000,2,No,No,28,7.3,1,8.3,11.8,4,2,No,630
1727,53,Female,Premium,2000,2,Yes,Yes,20,3.0,1,9.6,1.5,5,2,No,3378
1728,23,Female,VIP,3500,7,No,Yes,39,3.6,0,2.6,11.8,7,4,No,3601
1729,38,Male,Basic,1000,2,Yes,No,21,5.8,2,2.4,7.7,6,3,Yes,1599
1730,21,Female,VIP,3500,0,Yes,Yes,88,4.8,1,0.9,3.5,1,2,Yes,3633
1731,34,Male,Premium,2000,7,No,Yes,33,9.5,0,4.9,8.5,8,3,Yes,2814
1732,60,Female,VIP,3500,5,No,No,36,3.3,3,8.4,6.4,8,5,No,2373
1733,45,Male,Basic,1000,1,No,No,42,7.1,1,0.1,1.0,2,1,Yes,890
1734,50,Female,Premium,2000,5,Yes,No,37,1.7,5,1.0,4.7,2,0,No,2745
1735,20,Male,Premium,2000,1,No,No,38,0.2,3,4.2,4.1,8,1,Yes,1536
1736,26,Female,Basic,1000,0,No,Yes,36,1.8,1,0.5,6.0,10,0,Yes,1439
1737,57,Male,Basic,1000,1,Yes,No,88,3.1,1,5.8,3.3,10,1,Yes,1664
1738,42,Male,Basic,1000,2,Yes,No,62,8.3,3,6.8,5.3,3,2,Yes,1704
1739,37,Female,VIP,3500,7,No,Yes,42,2.6,4,4.3,3.3,2,5,Yes,3714
1740,55,Female,Basic,1000,6,No,No,51,2.8,4,5.5,9.6,2,4,No,1018
1741,40,Female,Basic,1000,5,Yes,No,71,3.7,2,5.6,1.5,7,3,No,1989
1742,33,Male,VIP,3500,6,No,No,33,2.7,2,2.2,6.4,9,5,No,2547
1743,46,Female,Premium,2000,6,No,Yes,63,2.1,4,7.0,10.6,6,1,Yes,2850
1744,54,Female,VIP,3500,3,Yes,No,45,8.8,5,7.5,6.1,9,1,Yes,3273
1745,48,Male,Basic,1000,7,No,Yes,90,9.3,2,2.7,14.1,4,3,No,2056
1746,45,Male,VIP,3500,0,No,Yes,70,7.3,1,3.0,7.3,10,1,Yes,2985
1747,52,Male,Premium,2000,1,No,Yes,84,0.8,3,9.0,8.0,3,5,Yes,1914
1748,33,Male,Premium,2000,3,No,Yes,68,0.6,5,1.7,12.5,0,0,Yes,2414
1749,45,Female,VIP,3500,0,Yes,No,55,5.7,0,1.3,2.3,4,3,No,3103
1750,37,Female,Premium,2000,2,No,No,38,7.5,5,1.6,12.7,4,2,No,1305
1751,30,Male,Premium,2000,2,No,Yes,47,4.0,4,2.6,12.8,1,5,Yes,2328
1752,44,Female,VIP,3500,4,No,Yes,72,4.5,5,0.3,10.4,8,1,Yes,3112
1753,56,Male,Basic,1000,1,No,Yes,41,3.5,4,0.3,6.3,3,4,Yes,1574
1754,55,Male,Basic,1000,3,Yes,Yes,54,9.7,1,4.8,10.2,7,5,No,2889
1755,35,Male,Premium,2000,0,No,Yes,27,9.6,3,4.9,3.6,1,2,No,1846
1756,24,Female,Basic,1000,4,Yes,Yes,26,8.5,5,9.0,2.8,0,1,No,2925
1757,44,Female,Basic,1000,6,Yes,Yes,25,2.5,1,1.2,12.8,3,2,No,3080
1758,39,Female,VIP,3500,4,Yes,Yes,46,3.2,0,4.3,10.6,9,5,Yes,4428
1759,55,Male,Basic,1000,6,Yes,Yes,61,7.9,0,8.6,13.3,7,0,Yes,2769
1760,24,Female,Basic,1000,2,No,No,20,1.6,4,5.6,10.0,4,0,Yes,930
1761,52,Female,VIP,3500,4,No,Yes,82,9.3,0,7.7,9.3,6,3,No,3188
1762,49,Female,Premium,2000,6,Yes,Yes,50,5.5,0,0.4,9.7,4,4,No,3736
1763,42,Male,VIP,3500,4,Yes,Yes,39,1.2,2,8.8,1.6,3,0,No,4111
1764,39,Male,Premium,2000,6,Yes,No,28,4.1,2,8.1,5.4,5,1,No,2854
1765,37,Male,Basic,1000,2,No,No,82,7.2,0,9.3,7.3,8,4,No,641
1766,51,Female,Premium,2000,6,No,Yes,27,0.3,0,5.9,9.6,5,3,No,2880
1767,60,Female,Basic,1000,5,No,No,38,8.5,1,4.5,11.0,7,1,Yes,868
1768,59,Female,Premium,2000,5,Yes,No,68,8.7,3,0.2,1.1,4,5,No,2556
1769,32,Male,Premium,2000,6,Yes,No,25,7.9,4,4.5,12.2,0,0,No,3016
1770,44,Female,VIP,3500,0,No,Yes,82,1.4,1,0.1,6.4,3,4,No,2662
1771,40,Male,Basic,1000,3,Yes,Yes,43,1.7,1,2.8,8.3,7,2,No,2669
1772,30,Female,VIP,3500,4,Yes,Yes,54,0.9,5,7.5,4.4,9,0,Yes,4455
1773,24,Male,Basic,1000,5,Yes,No,44,3.2,3,9.3,2.9,10,4,Yes,2272
1774,18,Female,Premium,2000,1,No,No,25,6.0,3,5.2,0.9,8,0,Yes,1112
1775,37,Male,VIP,3500,4,No,Yes,58,0.8,2,8.7,2.3,8,0,No,3134
1776,36,Female,VIP,3500,6,No,No,36,5.5,1,0.9,7.9,8,4,Yes,2597
1777,32,Female,Premium,2000,0,Yes,No,34,6.7,0,2.2,10.1,7,2,No,2462
1778,33,Female,VIP,3500,0,No,No,90,3.2,2,9.1,11.9,9,4,Yes,2193
1779,19,Female,Basic,1000,0,No,No,26,6.9,2,8.9,8.0,8,3,Yes,334
1780,21,Female,Premium,2000,6,No,Yes,49,4.5,2,3.7,13.5,1,3,No,2627
1781,44,Male,Basic,1000,6,Yes,No,90,0.6,2,2.2,0.8,4,1,No,2104
1782,57,Male,VIP,3500,6,No,No,58,4.6,3,8.6,3.1,0,4,Yes,2494
1783,33,Male,Premium,2000,2,Yes,No,85,0.0,0,2.7,7.1,2,2,No,2369
1784,39,Male,Premium,2000,1,No,No,60,4.6,4,9.3,6.1,7,4,Yes,1107
1785,28,Female,Basic,1000,5,No,Yes,50,10.0,1,2.2,2.6,5,5,No,1783
1786,29,Male,Basic,1000,5,Yes,No,48,0.5,0,9.1,2.5,6,3,Yes,2251
1787,57,Male,Premium,2000,2,Yes,No,57,9.5,4,1.4,2.4,4,0,No,2477
1788,29,Male,Premium,2000,3,Yes,No,68,6.0,3,8.6,12.6,6,1,No,2719
1789,40,Male,Basic,1000,1,Yes,Yes,84,0.5,4,7.8,12.4,0,1,Yes,2414
1790,24,Male,Basic,1000,3,Yes,Yes,67,6.2,3,6.0,1.7,0,0,Yes,2411
1791,29,Female,Premium,2000,1,No,Yes,43,8.4,3,7.2,10.3,7,0,Yes,2088
1792,40,Female,Basic,1000,7,Yes,Yes,20,2.9,2,7.3,14.7,2,5,No,3292
1793,42,Female,Premium,2000,1,No,No,68,2.9,5,2.9,4.1,0,5,Yes,1251
1794,40,Male,VIP,3500,1,Yes,No,83,4.3,3,7.1,5.4,5,1,Yes,3231
1795,44,Male,Basic,1000,0,Yes,Yes,61,4.8,0,4.1,1.6,9,0,Yes,2225
1796,22,Male,Premium,2000,7,No,Yes,69,6.3,3,6.3,3.5,3,1,Yes,2850
1797,49,Male,VIP,3500,5,Yes,Yes,37,3.8,5,5.2,4.6,8,2,Yes,4566
1798,49,Male,Basic,1000,4,Yes,No,44,0.2,0,9.4,4.1,5,1,No,1975
1799,54,Male,Basic,1000,1,Yes,Yes,53,4.4,4,6.6,7.8,6,3,Yes,2264
1800,48,Female,Basic,1000,7,Yes,No,72,3.4,0,8.8,5.4,3,4,No,2048
1801,24,Female,VIP,3500,0,No,No,40,7.0,3,2.9,6.8,3,2,Yes,1873
1802,49,Male,Premium,2000,5,No,Yes,51,4.9,2,6.7,5.1,6,4,No,2510
1803,34,Female,VIP,3500,4,No,Yes,41,2.8,4,2.9,5.8,1,0,No,3320
1804,26,Female,Basic,1000,6,Yes,No,61,3.8,2,8.6,2.6,10,0,No,2292
1805,26,Female,Premium,2000,7,Yes,Yes,60,7.0,4,4.4,11.8,4,5,No,3943
1806,26,Male,Basic,1000,1,No,No,67,9.0,1,1.5,3.3,7,3,Yes,838
1807,60,Male,Premium,2000,5,No,No,37,3.7,4,2.9,10.0,7,0,Yes,1832
1808,57,Male,Basic,1000,4,No,Yes,51,1.9,5,7.3,2.8,0,4,No,1638
1809,38,Male,VIP,3500,6,No,No,76,0.1,1,4.1,3.7,2,4,No,2402
1810,25,Male,Basic,1000,2,Yes,Yes,86,2.9,2,1.3,12.3,8,1,Yes,2685
1811,31,Female,Premium,2000,6,Yes,Yes,89,6.1,3,7.2,9.8,3,3,Yes,3571
1812,58,Female,VIP,3500,4,No,Yes,23,5.6,2,9.2,4.6,0,0,No,3074
1813,34,Female,Basic,1000,3,No,Yes,20,0.8,2,2.9,2.1,5,4,No,1858
1814,59,Male,VIP,3500,0,Yes,Yes,56,2.6,0,0.6,1.4,3,0,Yes,3797
1815,50,Female,Basic,1000,3,No,Yes,86,6.3,0,2.7,9.9,7,2,No,1580
1816,50,Male,Basic,1000,0,Yes,Yes,71,5.2,2,3.8,7.0,7,3,Yes,2118
1817,23,Male,Basic,1000,7,Yes,No,87,6.9,5,7.0,7.5,1,3,Yes,2187
1818,51,Female,Premium,2000,6,Yes,Yes,80,8.3,3,4.4,8.9,8,1,No,3481
1819,44,Male,Premium,2000,0,No,Yes,62,9.7,4,2.1,3.2,5,5,Yes,2101
1820,40,Female,Premium,2000,7,Yes,No,51,3.6,1,9.9,8.9,9,4,Yes,2781
1821,42,Female,VIP,3500,2,Yes,No,81,3.4,0,0.7,5.3,4,3,No,3248
1822,56,Male,Basic,1000,3,Yes,Yes,85,3.4,1,9.0,7.2,7,3,No,2686
1823,59,Male,Premium,2000,5,Yes,No,27,1.6,1,8.7,5.9,4,3,No,2622
1824,18,Female,Basic,1000,0,No,Yes,21,6.4,1,5.6,10.9,2,3,No,1340
1825,47,Male,Basic,1000,4,Yes,No,36,6.9,3,6.5,13.9,3,0,No,1731
1826,18,Female,Basic,1000,2,Yes,Yes,38,7.2,2,1.4,4.8,4,3,No,2647
1827,21,Female,VIP,3500,7,No,No,32,7.6,5,9.0,14.1,10,4,Yes,2743
1828,24,Female,Premium,2000,6,No,No,71,7.7,3,3.0,9.3,10,3,Yes,1720
1829,30,Female,Premium,2000,0,Yes,No,39,1.6,2,9.4,14.8,6,5,Yes,2100
1830,47,Male,VIP,3500,2,Yes,Yes,29,7.6,1,9.8,10.7,7,0,Yes,3945
1831,48,Male,Premium,2000,0,Yes,No,83,7.9,4,1.1,13.7,5,0,Yes,2049
1832,20,Male,Premium,2000,2,No,Yes,23,5.0,1,4.0,8.6,3,5,No,2239
1833,39,Female,VIP,3500,3,Yes,No,56,5.1,5,2.1,7.6,1,4,Yes,3245
1834,54,Female,Premium,2000,1,No,No,51,9.7,5,5.1,6.5,10,3,Yes,1447
1835,33,Male,Basic,1000,3,Yes,No,37,8.2,3,4.2,2.6,8,1,Yes,1875
1836,39,Female,VIP,3500,2,No,Yes,57,0.0,0,6.9,11.2,10,1,Yes,3000
1837,60,Male,Basic,1000,4,No,Yes,60,0.9,0,5.6,5.4,3,1,No,1558
1838,43,Male,VIP,3500,0,Yes,Yes,60,9.0,5,9.1,6.0,3,0,Yes,3629
1839,21,Male,VIP,3500,0,Yes,Yes,90,4.4,0,7.3,12.2,4,4,No,3688
1840,51,Male,Premium,2000,4,Yes,No,89,8.8,4,7.6,9.6,0,4,No,2425
1841,34,Male,VIP,3500,7,No,No,31,2.4,3,3.9,8.2,10,0,Yes,2915
1842,23,Male,Basic,1000,6,Yes,No,58,7.8,5,9.8,11.7,0,2,No,2012
1843,22,Male,Basic,1000,5,Yes,Yes,21,8.6,3,5.0,3.4,7,4,Yes,2671
1844,24,Male,VIP,3500,4,Yes,No,49,4.7,3,7.3,5.7,0,5,Yes,3615
1845,49,Female,Premium,2000,1,No,No,70,8.7,1,6.6,8.4,3,3,No,1321
1846,52,Female,Basic,1000,1,No,Yes,78,9.2,1,5.9,3.2,6,3,Yes,1625
1847,50,Male,VIP,3500,3,No,No,30,9.5,2,1.7,8.5,10,4,No,2465
1848,52,Male,Premium,2000,4,Yes,No,88,1.1,2,3.4,7.4,7,1,No,2898
1849,56,Female,Premium,2000,4,Yes,Yes,67,9.6,4,0.2,0.9,1,5,No,3348
1850,25,Female,Basic,1000,6,No,No,90,5.8,4,0.7,12.4,9,2,No,1079
1851,23,Female,Basic,1000,1,No,No,25,0.6,5,3.6,1.1,9,1,Yes,704
1852,58,Male,VIP,3500,7,No,No,79,9.9,5,2.3,0.7,2,4,Yes,2563
1853,24,Male,Premium,2000,0,Yes,No,24,4.9,1,5.7,14.6,6,5,Yes,2176
1854,27,Male,Basic,1000,3,Yes,No,46,8.2,5,5.6,6.1,0,0,No,1855
1855,58,Male,Basic,1000,2,No,Yes,69,6.5,3,1.4,10.7,9,3,Yes,1540
1856,58,Female,Basic,1000,5,No,Yes,55,3.1,5,9.6,5.8,6,5,No,1853
1857,34,Male,VIP,3500,6,No,Yes,66,6.5,2,9.4,3.7,5,5,No,3394
1858,59,Female,VIP,3500,6,No,Yes,54,5.1,2,5.6,12.9,10,2,No,3683
1859,45,Male,Premium,2000,7,Yes,No,70,8.3,4,3.1,2.7,10,3,Yes,2968
1860,48,Male,VIP,3500,4,Yes,Yes,72,7.7,4,5.6,10.0,10,2,Yes,4446
1861,45,Female,VIP,3500,0,No,Yes,59,3.2,0,3.6,11.0,9,1,Yes,2805
1862,47,Male,VIP,3500,0,Yes,No,45,2.8,4,7.6,8.7,7,3,Yes,3178
1863,49,Male,VIP,3500,5,No,No,20,2.4,0,0.6,2.5,8,2,Yes,2319
1864,26,Male,Premium,2000,5,Yes,Yes,32,3.1,2,2.3,1.4,7,4,Yes,3650
1865,32,Male,Premium,2000,5,Yes,Yes,32,1.1,1,6.6,8.9,4,1,No,3394
1866,47,Female,Basic,1000,6,No,Yes,64,1.1,0,5.2,7.7,8,1,No,2046
1867,40,Female,Premium,2000,5,Yes,No,75,9.8,4,8.2,9.6,9,1,Yes,2540
1868,48,Female,Premium,2000,5,No,Yes,78,7.0,3,1.4,3.2,1,3,No,2426
1869,46,Female,Premium,2000,1,Yes,Yes,60,8.3,2,9.6,10.9,2,3,Yes,2951
1870,29,Female,Basic,1000,4,Yes,No,70,1.6,4,6.2,1.4,9,1,Yes,2126
1871,45,Male,Basic,1000,3,No,Yes,75,7.4,0,3.1,1.0,5,5,No,1702
1872,52,Male,Basic,1000,6,No,Yes,32,9.5,1,2.8,3.8,8,4,No,1719
1873,37,Female,Basic,1000,4,Yes,Yes,38,3.7,1,4.0,5.8,10,1,No,2902
1874,33,Male,Basic,1000,4,Yes,No,66,7.7,3,3.8,3.2,9,0,Yes,1869
1875,36,Male,VIP,3500,4,No,Yes,30,5.2,5,2.0,4.8,6,4,Yes,3468
1876,23,Male,VIP,3500,2,No,No,35,6.8,0,3.2,6.4,10,4,Yes,2344
1877,47,Male,Premium,2000,5,Yes,No,47,8.6,4,1.1,6.7,10,4,Yes,2527
1878,50,Female,Basic,1000,2,Yes,Yes,90,2.5,4,9.0,11.9,7,1,Yes,2522
1879,48,Male,Basic,1000,5,Yes,No,82,0.0,5,2.9,12.8,9,5,Yes,2242
1880,30,Male,Premium,2000,4,No,Yes,21,8.1,1,0.1,11.8,6,5,No,2324
1881,53,Female,VIP,3500,0,Yes,No,64,8.8,1,5.9,7.8,7,3,Yes,3132
1882,21,Female,Basic,1000,3,No,No,78,6.8,2,6.3,8.3,2,1,No,877
1883,50,Male,Basic,1000,1,Yes,Yes,77,1.7,0,8.7,5.0,3,1,Yes,2230
1884,24,Female,Basic,1000,2,Yes,Yes,50,5.4,4,1.7,12.0,2,0,No,2678
1885,30,Male,VIP,3500,6,Yes,No,48,4.2,0,2.4,8.7,10,5,Yes,3880
1886,48,Male,VIP,3500,6,Yes,No,85,5.9,2,6.5,6.7,2,0,No,3581
1887,26,Male,Premium,2000,1,Yes,No,21,4.6,3,2.4,8.6,0,5,Yes,2529
1888,56,Female,Basic,1000,2,Yes,No,20,5.3,0,7.6,13.3,9,0,No,1908
1889,59,Female,Premium,2000,4,No,No,80,1.4,3,3.4,6.1,1,4,Yes,1619
1890,49,Male,Basic,1000,7,No,Yes,84,5.0,1,8.5,4.0,5,3,No,2179
1891,43,Female,Premium,2000,3,Yes,No,66,4.9,3,1.0,8.4,8,3,No,2721
1892,20,Male,VIP,3500,2,Yes,No,68,9.6,2,3.0,6.2,6,1,No,3104
1893,31,Male,Premium,2000,1,Yes,No,73,7.8,5,3.0,9.6,1,2,Yes,2361
1894,32,Male,VIP,3500,6,No,Yes,73,2.6,0,8.4,6.1,6,4,No,3398
1895,55,Female,Basic,1000,3,No,Yes,20,0.3,4,2.2,10.4,10,1,Yes,1516
1896,23,Female,VIP,3500,2,Yes,Yes,41,4.8,0,3.8,9.2,4,0,No,3935
1897,21,Female,VIP,3500,2,Yes,Yes,89,4.5,1,5.1,4.6,1,4,No,3844
1898,52,Male,Premium,2000,6,Yes,No,62,6.8,4,6.1,12.0,8,5,Yes,2895
1899,48,Female,VIP,3500,7,Yes,No,40,9.3,1,1.1,2.3,4,4,No,3904
1900,39,Female,Premium,2000,1,Yes,Yes,75,0.8,1,6.3,10.4,5,3,No,2948
1901,44,Male,Basic,1000,2,No,No,65,4.5,1,7.4,11.4,1,3,No,811
1902,44,Male,Premium,2000,1,Yes,Yes,87,8.5,5,5.9,8.9,9,0,Yes,3400
1903,28,Male,Basic,1000,3,Yes,No,29,4.3,3,3.5,12.0,2,0,Yes,2010
1904,30,Female,Basic,1000,3,Yes,No,87,3.3,4,0.4,12.8,4,5,No,1628
1905,33,Female,VIP,3500,2,No,No,67,5.2,2,5.0,5.5,6,1,No,2469
1906,55,Male,Basic,1000,7,No,Yes,39,1.5,2,7.8,13.4,1,3,No,1835
1907,56,Male,Premium,2000,1,No,No,73,9.0,0,8.2,14.9,3,3,No,1162
1908,52,Female,Basic,1000,4,No,No,32,8.2,5,7.7,4.1,3,0,No,811
1909,21,Male,Basic,1000,7,No,No,25,6.5,3,7.0,4.9,9,4,Yes,1322
1910,35,Male,VIP,3500,2,Yes,No,81,6.4,1,3.3,14.2,1,3,No,3032
1911,22,Male,Basic,1000,7,Yes,No,77,0.3,5,1.4,7.4,3,5,Yes,2005
1912,29,Female,Basic,1000,2,Yes,No,32,6.9,4,8.8,12.7,3,0,Yes,1967
1913,33,Male,VIP,3500,3,No,No,59,9.0,0,8.9,1.9,4,2,No,2251
1914,53,Female,Basic,1000,0,Yes,No,51,8.1,2,0.1,9.2,7,3,Yes,1757
1915,23,Male,VIP,3500,6,Yes,No,73,9.9,0,6.1,8.9,1,2,No,3498
1916,57,Male,Basic,1000,7,Yes,No,59,8.3,1,3.0,5.2,1,5,No,2028
1917,50,Male,Premium,2000,1,Yes,Yes,45,3.2,2,6.2,3.1,9,4,No,2918
1918,58,Male,Basic,1000,7,No,No,75,5.8,3,6.0,11.7,9,2,Yes,1275
1919,42,Male,VIP,3500,4,Yes,Yes,89,7.8,1,6.1,0.7,9,1,No,4156
1920,26,Female,VIP,3500,2,No,Yes,68,4.2,1,5.1,3.2,6,1,Yes,2953
1921,51,Male,Basic,1000,4,Yes,No,67,1.0,5,5.3,6.8,9,2,No,1959
1922,45,Female,Premium,2000,2,No,Yes,42,3.8,4,9.4,8.5,5,0,No,2104
1923,39,Male,VIP,3500,5,Yes,No,54,8.8,3,8.4,13.1,3,4,Yes,3763
1924,56,Female,Premium,2000,5,Yes,No,32,8.4,3,4.0,1.1,7,0,No,2767
1925,30,Male,Basic,1000,5,No,Yes,90,5.1,3,2.1,4.5,4,5,No,1930
1926,43,Female,VIP,3500,6,No,No,88,6.1,2,4.6,6.4,1,3,No,2837
1927,59,Male,Premium,2000,0,Yes,No,76,9.1,0,0.3,11.5,8,2,Yes,2486
1928,46,Male,Premium,2000,6,No,No,73,4.3,2,0.0,5.4,8,5,No,2083
1929,19,Male,Premium,2000,7,No,No,43,2.0,5,2.1,14.5,9,5,No,1994
1930,51,Female,Basic,1000,4,No,Yes,62,7.8,3,8.6,8.9,3,3,No,1523
1931,26,Female,Basic,1000,6,Yes,No,88,5.9,2,8.0,2.3,0,1,No,2341
1932,33,Female,VIP,3500,7,No,Yes,68,8.7,2,5.1,11.9,10,3,No,3427
1933,51,Female,VIP,3500,3,No,Yes,69,2.0,4,3.5,0.8,1,0,No,3335
1934,27,Female,VIP,3500,6,No,Yes,46,0.0,2,6.4,7.8,5,1,No,3662
1935,49,Female,Premium,2000,6,No,Yes,47,3.9,3,1.5,14.2,6,1,Yes,2748
1936,36,Male,VIP,3500,4,No,No,51,2.3,4,0.7,14.5,3,1,Yes,2547
1937,44,Male,Premium,2000,0,No,Yes,35,8.9,2,2.8,5.7,7,3,Yes,2011
1938,26,Female,Basic,1000,6,No,No,25,5.1,4,9.1,9.3,7,2,No,1394
1939,41,Female,VIP,3500,4,Yes,No,84,7.1,1,5.9,12.8,7,5,Yes,3329
1940,19,Male,Premium,2000,6,No,No,80,2.8,2,8.7,0.8,7,3,No,1641
1941,37,Female,Premium,2000,3,No,Yes,29,3.2,3,7.7,10.0,3,0,No,2129
1942,20,Male,VIP,3500,4,Yes,No,67,4.0,5,5.1,4.0,4,5,Yes,3325
1943,51,Female,VIP,3500,6,No,Yes,63,9.5,1,8.6,2.4,6,3,No,3523
1944,60,Male,Basic,1000,4,No,Yes,30,0.7,5,2.5,5.0,10,2,No,1539
1945,23,Female,Premium,2000,1,Yes,Yes,60,5.0,5,9.6,11.9,4,3,Yes,3059
1946,37,Female,Premium,2000,6,Yes,No,85,4.9,0,2.8,7.2,9,3,No,2933
1947,42,Male,VIP,3500,0,No,Yes,67,4.0,4,5.9,0.7,10,4,Yes,2967
1948,28,Male,VIP,3500,3,Yes,Yes,43,5.0,2,8.6,5.1,7,5,Yes,4173
1949,45,Male,Basic,1000,1,No,Yes,65,0.7,0,5.3,6.0,4,3,Yes,1644
1950,33,Male,VIP,3500,1,No,No,84,3.4,2,4.6,13.0,2,0,Yes,2210
1951,34,Female,Basic,1000,0,Yes,Yes,84,4.8,1,8.4,14.9,8,5,Yes,2486
1952,44,Female,Premium,2000,7,No,No,32,2.0,1,9.2,1.6,10,1,Yes,1881
1953,50,Female,Basic,1000,4,No,No,88,8.1,2,2.1,9.5,8,4,No,785
1954,25,Female,VIP,3500,5,No,Yes,86,3.0,5,7.9,1.6,2,4,No,3269
1955,41,Male,Premium,2000,7,No,Yes,47,5.4,0,5.9,5.0,9,0,No,2866
1956,20,Male,Basic,1000,1,No,No,44,2.6,5,6.1,12.3,4,1,Yes,711
1957,41,Female,VIP,3500,3,Yes,Yes,42,0.6,2,1.5,13.6,4,0,No,4051
1958,43,Male,Basic,1000,3,Yes,No,65,3.6,0,9.5,5.2,0,1,No,1757
1959,36,Male,Premium,2000,7,Yes,Yes,26,6.2,5,4.1,9.4,4,5,No,3663
1960,47,Female,VIP,3500,6,Yes,No,61,9.9,2,1.2,8.6,2,4,No,3472
1961,44,Female,Premium,2000,2,Yes,No,59,6.8,4,9.2,12.2,0,3,No,2669
1962,42,Female,VIP,3500,1,Yes,Yes,87,6.4,1,6.6,2.4,1,3,No,3913
1963,50,Male,Basic,1000,1,No,No,71,1.7,3,8.4,8.7,6,1,Yes,499
1964,58,Female,Premium,2000,1,Yes,Yes,64,5.7,1,6.6,9.7,10,2,Yes,3289
1965,26,Female,Basic,1000,3,Yes,Yes,23,0.5,5,6.6,13.7,4,4,Yes,2652
1966,26,Female,Basic,1000,7,Yes,Yes,64,0.9,2,1.9,10.9,0,2,No,3062
1967,59,Male,VIP,3500,2,No,Yes,68,0.4,4,0.3,12.0,2,2,Yes,3200
1968,40,Female,Premium,2000,4,No,No,63,0.4,4,0.2,13.1,10,4,No,1699
1969,50,Female,Premium,2000,6,No,Yes,24,0.9,3,3.3,12.7,6,1,Yes,2686
1970,49,Female,VIP,3500,6,No,No,50,0.7,3,6.6,1.3,10,1,No,2470
1971,55,Male,Basic,1000,1,Yes,No,21,9.2,3,8.3,4.5,7,0,Yes,1715
1972,18,Male,VIP,3500,0,Yes,No,35,7.6,5,2.6,14.9,9,2,Yes,3086
1973,28,Female,Premium,2000,1,Yes,No,78,8.1,5,0.5,5.7,4,3,Yes,2222
1974,55,Female,Basic,1000,6,No,Yes,27,8.2,2,7.3,2.3,6,3,Yes,1984
1975,34,Female,VIP,3500,6,No,No,39,5.9,1,3.7,10.1,10,4,No,2846
1976,28,Male,VIP,3500,0,Yes,Yes,39,2.5,1,0.4,13.5,8,2,Yes,3972
1977,37,Female,Premium,2000,6,No,Yes,71,2.8,4,2.2,14.6,4,4,Yes,2694
1978,48,Female,Basic,1000,1,Yes,No,45,0.8,3,3.2,5.5,5,4,Yes,1872
1979,50,Female,Premium,2000,7,No,Yes,28,7.1,2,9.7,6.1,2,3,No,2889
1980,25,Male,VIP,3500,7,No,No,62,2.2,4,4.1,11.9,1,2,No,2723
1981,37,Male,VIP,3500,6,No,No,50,9.4,0,9.1,1.2,3,2,No,2818
1982,29,Male,Basic,1000,6,Yes,Yes,30,7.6,2,5.8,10.0,2,1,No,2774
1983,26,Female,VIP,3500,3,No,Yes,81,3.8,4,0.5,9.6,4,3,No,2925
1984,23,Male,Premium,2000,0,Yes,Yes,58,5.5,0,8.4,5.3,3,3,No,2991
1985,51,Female,Premium,2000,7,Yes,No,61,2.6,3,8.8,5.5,9,1,No,2720
1986,57,Female,Premium,2000,4,No,Yes,83,1.4,5,3.3,3.5,4,4,No,2254
1987,56,Male,VIP,3500,5,No,No,39,8.0,2,7.4,3.0,1,2,No,2669
1988,59,Male,VIP,3500,3,Yes,No,78,3.4,2,5.5,1.8,2,3,No,3233
1989,31,Female,Premium,2000,7,No,No,70,0.0,4,6.1,12.6,7,2,Yes,2100
1990,54,Male,VIP,3500,1,No,No,67,3.7,1,5.7,10.5,4,0,No,2209
1991,28,Female,Basic,1000,1,No,No,89,1.8,5,7.6,8.0,10,2,Yes,643
1992,35,Female,Premium,2000,6,No,No,60,5.8,0,4.8,5.7,4,5,No,1932
1993,31,Female,Basic,1000,6,No,No,33,3.4,3,8.0,3.0,2,5,Yes,1198
1994,35,Male,Premium,2000,6,Yes,No,34,3.5,2,5.9,7.3,0,5,No,2663
1995,39,Female,Premium,2000,7,Yes,No,53,2.4,0,8.2,10.1,8,3,Yes,2880
1996,41,Female,VIP,3500,5,No,No,33,2.2,2,6.5,11.1,7,2,Yes,2573
1997,39,Female,Premium,2000,3,No,Yes,50,8.6,4,3.7,5.9,8,0,No,2445
1998,55,Female,Premium,2000,4,No,No,84,1.0,3,4.0,2.8,8,2,No,1460
1999,30,Female,Basic,1000,3,Yes,No,76,0.0,0,4.7,4.1,9,3,No,1649
2000,34,Female,VIP,3500,7,Yes,No,35,5.6,5,3.2,5.4,0,4,No,3755
